"Home name",Long,Lat
Domov,15.348743,50.434047

,,"Product name","Product type",,,
,,Termostat,NATherm1,,,

Timestamp,"Timezone : Europe/Prague","Temperature °C","Setpoint Temperature °C","Boiler ON","Boiler OFF",
1767050100,"2025/12/30 00:15:00",19.1,18,0,1797,
1767051900,"2025/12/30 00:45:00",18.9,18,0,1807,
1767053700,"2025/12/30 01:15:00",18.8,18,0,1797,
1767055500,"2025/12/30 01:45:00",18.7,18,0,1797,
1767057300,"2025/12/30 02:15:00",18.6,18,0,1796,
1767059100,"2025/12/30 02:45:00",18.5,18,0,1808,
1767060900,"2025/12/30 03:15:00",18.4,18,0,1797,
1767062700,"2025/12/30 03:45:00",18.4,18,0,1796,
1767064500,"2025/12/30 04:15:00",18.3,18,0,1808,
1767066300,"2025/12/30 04:45:00",18.2,18,0,1797,
1767068100,"2025/12/30 05:15:00",18.1,18,0,1796,
1767069900,"2025/12/30 05:45:00",18.1,18,0,1808,
1767071700,"2025/12/30 06:15:00",18,18,236,1561,
1767073500,"2025/12/30 06:45:00",18.1,18,1183,613,
1767075300,"2025/12/30 07:15:00",18.4,19.1,1194,614,
1767077100,"2025/12/30 07:45:00",19,19.5,1797,0,
1767078900,"2025/12/30 08:15:00",19.8,19.5,495,1312,
1767080700,"2025/12/30 08:45:00",19.8,19.5,0,1797,
1767082500,"2025/12/30 09:15:00",19.8,19.5,0,1797,
1767084300,"2025/12/30 09:45:00",19.7,19.5,0,1807,
1767086100,"2025/12/30 10:15:00",19.7,19.5,0,1797,
1767087900,"2025/12/30 10:45:00",19.6,19.5,0,1797,
1767089700,"2025/12/30 11:15:00",19.6,19.5,0,1796,
1767091500,"2025/12/30 11:45:00",19.5,19.5,290,1518,
1767093300,"2025/12/30 12:15:00",19.6,19.5,1259,538,
1767095100,"2025/12/30 12:45:00",20.1,19.5,0,1796,
1767096900,"2025/12/30 13:15:00",20.3,19.5,0,1808,
1767098700,"2025/12/30 13:45:00",20.2,19.5,0,1797,
1767100500,"2025/12/30 14:15:00",20,19.5,0,1796,
1767102300,"2025/12/30 14:45:00",19.7,19.5,0,1808,
1767104100,"2025/12/30 15:15:00",19.6,19.5,0,1797,
1767105900,"2025/12/30 15:45:00",19.5,19.5,0,1796,
1767107700,"2025/12/30 16:15:00",19.5,19.5,1290,518,
1767109500,"2025/12/30 16:45:00",19.8,19.5,0,1797,
1767111300,"2025/12/30 17:15:00",19.7,19.5,0,1796,
1767113100,"2025/12/30 17:45:00",19.6,19.5,0,1808,
1767114900,"2025/12/30 18:15:00",19.5,19.5,194,1603,
1767116700,"2025/12/30 18:45:00",19.5,19.5,1226,570,
1767118500,"2025/12/30 19:15:00",19.8,19.5,0,1808,
1767120300,"2025/12/30 19:45:00",19.8,19.5,0,1797,
1767122100,"2025/12/30 20:15:00",19.7,19.5,0,1796,
1767123900,"2025/12/30 20:45:00",19.6,19.5,0,1808,
1767125700,"2025/12/30 21:15:00",19.5,19.5,474,1323,
1767127500,"2025/12/30 21:45:00",19.6,19.5,1076,720,
1767129300,"2025/12/30 22:15:00",19.8,18,0,1765,
1767131100,"2025/12/30 22:45:00",19.7,18,0,1797,
1767132900,"2025/12/30 23:15:00",19.6,18,0,1807,
1767134700,"2025/12/30 23:45:00",19.4,18,0,1797,
1767136500,"2025/12/31 00:15:00",19.2,18,0,1797,
1767138300,"2025/12/31 00:45:00",19,18,0,1807,
1767140100,"2025/12/31 01:15:00",18.9,18,0,1797,
1767141900,"2025/12/31 01:45:00",18.8,18,0,1797,
1767143700,"2025/12/31 02:15:00",18.7,18,0,1796,
1767145500,"2025/12/31 02:45:00",18.6,18,0,1808,
1767147300,"2025/12/31 03:15:00",18.5,18,0,1797,
1767149100,"2025/12/31 03:45:00",18.4,18,0,1796,
1767150900,"2025/12/31 04:15:00",18.3,18,0,1808,
1767152700,"2025/12/31 04:45:00",18.2,18,0,1797,
1767154500,"2025/12/31 05:15:00",18.1,18,0,1796,
1767156300,"2025/12/31 05:45:00",18.1,18,0,1808,
1767158100,"2025/12/31 06:15:00",18,18,0,1797,
1767159900,"2025/12/31 06:45:00",18,18,1387,409,
1767161700,"2025/12/31 07:15:00",18.3,19.1,1227,581,
1767163500,"2025/12/31 07:45:00",19,19.5,1797,0,
1767165300,"2025/12/31 08:15:00",19.7,19.5,366,1441,
1767167100,"2025/12/31 08:45:00",19.8,19.5,0,1797,
1767168900,"2025/12/31 09:15:00",19.8,19.5,0,1797,
1767170700,"2025/12/31 09:45:00",19.8,19.5,0,1807,
1767172500,"2025/12/31 10:15:00",19.7,19.5,0,1797,
1767174300,"2025/12/31 10:45:00",19.4,19.5,625,1172,
1767176100,"2025/12/31 11:15:00",19.6,19.5,1184,623,
1767177900,"2025/12/31 11:45:00",19.8,19.5,0,1797,
1767179700,"2025/12/31 12:15:00",19.7,19.5,0,1797,
1767181500,"2025/12/31 12:45:00",19.6,19.5,0,1807,
1767183300,"2025/12/31 13:15:00",19.5,19.5,75,1722,
1767185100,"2025/12/31 13:45:00",19.5,19.5,1474,323,
1767186900,"2025/12/31 14:15:00",19.8,19.5,0,1807,
1767188700,"2025/12/31 14:45:00",19.7,19.5,0,1797,
1767190500,"2025/12/31 15:15:00",19.6,19.5,0,1797,
1767192300,"2025/12/31 15:45:00",19.5,19.5,0,1796,
1767194100,"2025/12/31 16:15:00",19.4,19.5,1324,484,
1767195900,"2025/12/31 16:45:00",19.7,19.5,225,1572,
1767197700,"2025/12/31 17:15:00",19.8,19.5,0,1796,
1767199500,"2025/12/31 17:45:00",19.7,19.5,0,1808,
1767201300,"2025/12/31 18:15:00",19.6,19.5,0,1797,
1767203100,"2025/12/31 18:45:00",19.5,19.5,1151,645,
1767204900,"2025/12/31 19:15:00",19.7,19.5,269,1539,
1767206700,"2025/12/31 19:45:00",19.7,19.5,0,1797,
1767208500,"2025/12/31 20:15:00",19.7,19.5,0,1796,
1767210300,"2025/12/31 20:45:00",19.6,19.5,0,1797,
1767212100,"2025/12/31 21:15:00",19.5,19.5,279,1529,
1767213900,"2025/12/31 21:45:00",19.5,19.5,1269,527,
1767215700,"2025/12/31 22:15:00",19.8,18.4,0,1829,
1767217500,"2025/12/31 22:45:00",19.7,18,0,1797,
1767219300,"2025/12/31 23:15:00",19.6,18,0,1808,
1767221100,"2025/12/31 23:45:00",19.5,18,0,1796,
1767222900,"2026/01/01 00:15:00",19.3,18,0,1797,
1767224700,"2026/01/01 00:45:00",19.1,18,0,1808,
1767226500,"2026/01/01 01:15:00",19,18,0,1797,
1767228300,"2026/01/01 01:45:00",18.9,18,0,1796,
1767230100,"2026/01/01 02:15:00",18.8,18,0,1797,
1767231900,"2026/01/01 02:45:00",18.7,18,0,1808,
1767233700,"2026/01/01 03:15:00",18.6,18,0,1796,
1767235500,"2026/01/01 03:45:00",18.5,18,0,1797,
1767237300,"2026/01/01 04:15:00",18.4,18,0,1808,
1767239100,"2026/01/01 04:45:00",18.3,18,0,1796,
1767240900,"2026/01/01 05:15:00",18.3,18,0,1797,
1767242700,"2026/01/01 05:45:00",18.2,18,0,1808,
1767244500,"2026/01/01 06:15:00",18.1,18,0,1796,
1767246300,"2026/01/01 06:45:00",18,18,0,1797,
1767248100,"2026/01/01 07:15:00",18,19.1,1195,613,
1767249900,"2026/01/01 07:45:00",18.4,19.5,1796,0,
1767251700,"2026/01/01 08:15:00",19.3,19.5,1658,150,
1767253500,"2026/01/01 08:45:00",19.9,19.5,0,1797,
1767255300,"2026/01/01 09:15:00",19.9,19.5,0,1796,
1767257100,"2026/01/01 09:45:00",19.7,19.5,0,1808,
1767258900,"2026/01/01 10:15:00",19.5,19.5,183,1614,
1767260700,"2026/01/01 10:45:00",19.5,19.5,1430,366,
1767262500,"2026/01/01 11:15:00",19.8,19.5,0,1797,
1767264300,"2026/01/01 11:45:00",19.8,19.5,0,1808,
1767266100,"2026/01/01 12:15:00",19.6,19.5,0,1796,
1767267900,"2026/01/01 12:45:00",19.5,19.5,397,1400,
1767269700,"2026/01/01 13:15:00",19.6,19.5,1087,721,
1767271500,"2026/01/01 13:45:00",19.8,19.5,0,1796,
1767273300,"2026/01/01 14:15:00",19.8,19.5,0,1797,
1767275100,"2026/01/01 14:45:00",19.6,19.5,0,1808,
1767276900,"2026/01/01 15:15:00",19.4,19.5,688,1108,
1767278700,"2026/01/01 15:45:00",19.6,19.5,860,937,
1767280500,"2026/01/01 16:15:00",19.8,19.5,0,1808,
1767282300,"2026/01/01 16:45:00",19.7,19.5,0,1796,
1767284100,"2026/01/01 17:15:00",19.5,19.5,10,1787,
1767285900,"2026/01/01 17:45:00",19.5,19.5,1474,323,
1767287700,"2026/01/01 18:15:00",19.8,19.5,0,1807,
1767289500,"2026/01/01 18:45:00",19.8,19.5,0,1797,
1767291300,"2026/01/01 19:15:00",19.7,19.5,0,1797,
1767293100,"2026/01/01 19:45:00",19.5,19.5,0,1807,
1767294900,"2026/01/01 20:15:00",19.5,19.5,1550,247,
1767296700,"2026/01/01 20:45:00",19.8,19.5,0,1797,
1767298500,"2026/01/01 21:15:00",19.8,19.5,0,1807,
1767300300,"2026/01/01 21:45:00",19.8,19.5,0,1797,
1767302100,"2026/01/01 22:15:00",19.7,18,0,1765,
1767303900,"2026/01/01 22:45:00",19.5,18,0,1796,
1767305700,"2026/01/01 23:15:00",19.6,17.9,0,1851,
1767307500,"2026/01/01 23:45:00",19.3,18,0,1797,
1767309300,"2026/01/02 00:15:00",19,18,0,1807,
1767311100,"2026/01/02 00:45:00",18.9,18,0,1797,
1767312900,"2026/01/02 01:15:00",18.8,18,0,1797,
1767314700,"2026/01/02 01:45:00",18.7,18,0,1807,
1767316500,"2026/01/02 02:15:00",18.5,18,0,1797,
1767318300,"2026/01/02 02:45:00",18.5,18,0,1797,
1767320100,"2026/01/02 03:15:00",18.4,18,0,1796,
1767321900,"2026/01/02 03:45:00",18.3,18,0,1808,
1767323700,"2026/01/02 04:15:00",18.2,18,0,1797,
1767325500,"2026/01/02 04:45:00",18.1,18,0,1796,
1767327300,"2026/01/02 05:15:00",18,18,0,1808,
1767329100,"2026/01/02 05:45:00",18,18,409,1388,
1767330900,"2026/01/02 06:15:00",18.1,18,1076,720,
1767332700,"2026/01/02 06:45:00",18.3,18,0,1808,
1767334500,"2026/01/02 07:15:00",18.4,19.5,1194,570,
1767336300,"2026/01/02 07:45:00",18.9,19.5,1796,0,
1767338100,"2026/01/02 08:15:00",19.7,19.5,743,1065,
1767339900,"2026/01/02 08:45:00",19.8,19.5,0,1796,
1767341700,"2026/01/02 09:15:00",19.7,19.5,0,1797,
1767343500,"2026/01/02 09:45:00",19.5,19.5,75,1733,
1767345300,"2026/01/02 10:15:00",19.5,19.5,1474,322,
1767347100,"2026/01/02 10:45:00",19.8,19.5,0,1797,
1767348900,"2026/01/02 11:15:00",19.8,19.5,0,1808,
1767350700,"2026/01/02 11:45:00",19.7,19.5,0,1796,
1767352500,"2026/01/02 12:15:00",19.5,19.5,226,1571,
1767354300,"2026/01/02 12:45:00",19.5,19.5,1323,485,
1767356100,"2026/01/02 13:15:00",19.9,19.5,0,1796,
1767357900,"2026/01/02 13:45:00",19.8,19.5,0,1797,
1767359700,"2026/01/02 14:15:00",19.8,19.5,0,1797,
1767361500,"2026/01/02 14:45:00",19.6,19.5,0,1807,
1767363300,"2026/01/02 15:15:00",19.5,19.5,0,1797,
1767365100,"2026/01/02 15:45:00",19.4,19.5,1204,593,
1767366900,"2026/01/02 16:15:00",19.7,19.5,473,1334,
1767368700,"2026/01/02 16:45:00",19.7,19.5,0,1797,
1767370500,"2026/01/02 17:15:00",19.6,19.5,0,1797,
1767372300,"2026/01/02 17:45:00",19.5,19.5,344,1463,
1767374100,"2026/01/02 18:15:00",19.6,19.6,1151,657,
1767375900,"2026/01/02 18:45:00",19.8,19.5,0,1797,
1767377700,"2026/01/02 19:15:00",19.8,19.5,0,1807,
1767379500,"2026/01/02 19:45:00",19.6,19.5,0,1797,
1767381300,"2026/01/02 20:15:00",19.5,19.5,0,1797,
1767383100,"2026/01/02 20:45:00",19.4,19.5,1215,592,
1767384900,"2026/01/02 21:15:00",19.7,19.5,269,1528,
1767386700,"2026/01/02 21:45:00",19.7,19.5,0,1797,
1767388500,"2026/01/02 22:15:00",19.7,18.4,0,1807,
1767390300,"2026/01/02 22:45:00",19.5,18,0,1797,
1767392100,"2026/01/02 23:15:00",19.3,18,0,1807,
1767393900,"2026/01/02 23:45:00",19.1,18,0,1797,
1767395700,"2026/01/03 00:15:00",18.9,18,0,1797,
1767397500,"2026/01/03 00:45:00",18.8,18,0,1807,
1767399300,"2026/01/03 01:15:00",18.7,18,0,1797,
1767401100,"2026/01/03 01:45:00",18.6,18,0,1797,
1767402900,"2026/01/03 02:15:00",18.5,18,0,1797,
1767404700,"2026/01/03 02:45:00",18.4,18,0,1807,
1767406500,"2026/01/03 03:15:00",18.3,18,0,1797,
1767408300,"2026/01/03 03:45:00",18.2,18,0,1797,
1767410100,"2026/01/03 04:15:00",18.1,18,0,1807,
1767411900,"2026/01/03 04:45:00",18.1,18,0,1797,
1767413700,"2026/01/03 05:15:00",18,18,0,1797,
1767415500,"2026/01/03 05:45:00",18,18,1485,322,
1767417300,"2026/01/03 06:15:00",18.3,18,0,1797,
1767419100,"2026/01/03 06:45:00",18.3,18,0,1797,
1767420900,"2026/01/03 07:15:00",18.3,19.1,1194,613,
1767422700,"2026/01/03 07:45:00",18.8,19.5,1797,0,
1767424500,"2026/01/03 08:15:00",19.6,19.5,947,860,
1767426300,"2026/01/03 08:45:00",19.8,19.5,0,1797,
1767428100,"2026/01/03 09:15:00",19.8,19.5,0,1797,
1767429900,"2026/01/03 09:45:00",19.6,19.5,0,1807,
1767431700,"2026/01/03 10:15:00",19.4,19.5,1345,452,
1767433500,"2026/01/03 10:45:00",19.8,19.5,140,1657,
1767435300,"2026/01/03 11:15:00",19.8,19.5,0,1797,
1767437100,"2026/01/03 11:45:00",19.6,19.5,0,1807,
1767438900,"2026/01/03 12:15:00",19.5,19.5,0,1797,
1767440700,"2026/01/03 12:45:00",19.6,19.5,0,1797,
1767442500,"2026/01/03 13:15:00",19.5,19.5,463,1344,
1767444300,"2026/01/03 13:45:00",19.5,19.5,1281,516,
1767446100,"2026/01/03 14:15:00",19.8,19.5,0,1797,
1767447900,"2026/01/03 14:45:00",19.7,19.5,0,1807,
1767449700,"2026/01/03 15:15:00",19.6,19.5,0,1797,
1767451500,"2026/01/03 15:45:00",19.5,19.5,259,1538,
1767453300,"2026/01/03 16:15:00",19.6,19.5,1162,645,
1767455100,"2026/01/03 16:45:00",19.7,19.5,0,1797,
1767456900,"2026/01/03 17:15:00",19.7,19.5,0,1797,
1767458700,"2026/01/03 17:45:00",19.6,19.5,0,1807,
1767460500,"2026/01/03 18:15:00",19.4,19.5,807,990,
1767462300,"2026/01/03 18:45:00",19.6,19.5,806,991,
1767464100,"2026/01/03 19:15:00",19.7,19.5,0,1807,
1767465900,"2026/01/03 19:45:00",19.6,19.5,0,1797,
1767467700,"2026/01/03 20:15:00",19.5,19.5,0,1797,
1767469500,"2026/01/03 20:45:00",19.3,19.5,11,1797,
1767471300,"2026/01/03 21:15:00",19.3,19.5,1797,0,
1767473100,"2026/01/03 21:45:00",19.9,19.5,451,1346,
1767474900,"2026/01/03 22:15:00",20,18,0,1786,
1767476700,"2026/01/03 22:45:00",19.8,18,0,1796,
1767478500,"2026/01/03 23:15:00",19.7,18,0,1808,
1767480300,"2026/01/03 23:45:00",19.5,18,0,1797,
1767482100,"2026/01/04 00:15:00",19.3,18,0,1796,
1767483900,"2026/01/04 00:45:00",19.1,18,0,1808,
1767485700,"2026/01/04 01:15:00",19,18,0,1797,
1767487500,"2026/01/04 01:45:00",18.8,18,0,1796,
1767489300,"2026/01/04 02:15:00",18.7,18,0,1797,
1767491100,"2026/01/04 02:45:00",18.6,18,0,1808,
1767492900,"2026/01/04 03:15:00",18.6,18,0,1796,
1767494700,"2026/01/04 03:45:00",18.5,18,0,1797,
1767496500,"2026/01/04 04:15:00",18.4,18,0,1808,
1767498300,"2026/01/04 04:45:00",18.3,18,0,1796,
1767500100,"2026/01/04 05:15:00",18.2,18,0,1797,
1767501900,"2026/01/04 05:45:00",18.1,18,0,1808,
1767503700,"2026/01/04 06:15:00",18,18,0,1796,
1767505500,"2026/01/04 06:45:00",17.9,18,0,1797,
1767507300,"2026/01/04 07:15:00",17.9,19.5,1194,603,
1767509100,"2026/01/04 07:45:00",18.3,19.5,1797,0,
1767510900,"2026/01/04 08:15:00",19.2,19.5,1807,0,
1767512700,"2026/01/04 08:45:00",19.8,19.5,108,1688,
1767514500,"2026/01/04 09:15:00",19.8,19.5,0,1797,
1767516300,"2026/01/04 09:45:00",19.7,19.5,0,1807,
1767518100,"2026/01/04 10:15:00",19.5,19.5,0,1797,
1767519900,"2026/01/04 10:45:00",19.4,19.5,560,1237,
1767521700,"2026/01/04 11:15:00",19.5,19.5,215,1581,
1767523500,"2026/01/04 11:45:00",19.4,19.5,291,1517,
1767525300,"2026/01/04 12:15:00",19.4,19.5,548,1249,
1767527100,"2026/01/04 12:45:00",19.5,19.5,0,1796,
1767528900,"2026/01/04 13:15:00",19.4,19.5,0,1808,
1767530700,"2026/01/04 13:45:00",19.4,19.5,1096,701,
1767532500,"2026/01/04 14:15:00",19.5,19.5,0,1796,
1767534300,"2026/01/04 14:45:00",19.5,19.5,0,1808,
1767536100,"2026/01/04 15:15:00",19.4,19.5,452,1345,
1767537900,"2026/01/04 15:45:00",19.4,19.5,904,892,
1767539700,"2026/01/04 16:15:00",19.5,19.5,0,1808,
1767541500,"2026/01/04 16:45:00",19.5,19.5,516,1281,
1767543300,"2026/01/04 17:15:00",19.5,19.5,322,1474,
1767545100,"2026/01/04 17:45:00",19.5,19.5,0,1797,
1767546900,"2026/01/04 18:15:00",19.4,19.5,453,1355,
1767548700,"2026/01/04 18:45:00",19.5,19.5,774,1022,
1767550500,"2026/01/04 19:15:00",19.6,19.5,0,1797,
1767552300,"2026/01/04 19:45:00",19.5,19.5,43,1765,
1767554100,"2026/01/04 20:15:00",19.5,19.5,408,1388,
1767555900,"2026/01/04 20:45:00",19.5,19.5,0,1797,
1767557700,"2026/01/04 21:15:00",19.4,19.5,515,1293,
1767559500,"2026/01/04 21:45:00",19.4,19.5,646,1150,
1767561300,"2026/01/04 22:15:00",19.5,18.8,0,2281,
1767563100,"2026/01/04 22:45:00",19.3,18,0,1808,
1767564900,"2026/01/04 23:15:00",19.2,18,0,1797,
1767566700,"2026/01/04 23:45:00",19,18,0,1796,
1767568500,"2026/01/05 00:15:00",18.9,18,0,1797,
1767570300,"2026/01/05 00:45:00",18.7,18,0,1808,
1767572100,"2026/01/05 01:15:00",18.6,18,0,1796,
1767573900,"2026/01/05 01:45:00",18.5,18,0,1797,
1767575700,"2026/01/05 02:15:00",18.4,18,0,1808,
1767577500,"2026/01/05 02:45:00",18.3,18,0,1796,
1767579300,"2026/01/05 03:15:00",18.2,18,0,1797,
1767581100,"2026/01/05 03:45:00",18.1,18,0,1808,
1767582900,"2026/01/05 04:15:00",18,18,0,1796,
1767584700,"2026/01/05 04:45:00",17.9,18,86,1711,
1767586500,"2026/01/05 05:15:00",17.9,18,495,1313,
1767588300,"2026/01/05 05:45:00",18,18,581,1215,
1767590100,"2026/01/05 06:15:00",18.1,18,387,1410,
1767591900,"2026/01/05 06:45:00",18,18,0,1797,
1767593700,"2026/01/05 07:15:00",18,19.5,1194,140,
1767595500,"2026/01/05 07:45:00",18.6,19.5,1797,0,
1767597300,"2026/01/05 08:15:00",19.4,19.5,1592,215,
1767599100,"2026/01/05 08:45:00",19.7,19.5,0,1797,
1767600900,"2026/01/05 09:15:00",19.6,19.5,0,1797,
1767602700,"2026/01/05 09:45:00",19.6,19.5,0,1807,
1767604500,"2026/01/05 10:15:00",19.5,19.5,0,1797,
1767606300,"2026/01/05 10:45:00",19.4,19.5,236,1561,
1767608100,"2026/01/05 11:15:00",19.4,19.5,602,1194,
1767609900,"2026/01/05 11:45:00",19.5,19.5,0,1808,
1767611700,"2026/01/05 12:15:00",19.5,19.5,386,1411,
1767613500,"2026/01/05 12:45:00",19.6,19.5,0,1796,
1767615300,"2026/01/05 13:15:00",19.7,19.5,0,1808,
1767617100,"2026/01/05 13:45:00",19.7,19.5,0,1797,
1767618900,"2026/01/05 14:15:00",19.7,19.5,0,1796,
1767620700,"2026/01/05 14:45:00",19.6,19.5,0,1808,
1767622500,"2026/01/05 15:15:00",19.4,19.5,776,1021,
1767624300,"2026/01/05 15:45:00",19.4,19.5,806,990,
1767626100,"2026/01/05 16:15:00",19.5,19.5,419,1389,
1767627900,"2026/01/05 16:45:00",19.6,19.5,0,1797,
1767629700,"2026/01/05 17:15:00",19.5,19.5,399,1398,
1767631500,"2026/01/05 17:45:00",19.5,19.5,571,1225,
1767633300,"2026/01/05 18:15:00",19.5,19.5,323,1485,
1767635100,"2026/01/05 18:45:00",19.5,19.5,257,1540,
1767636900,"2026/01/05 19:15:00",19.5,19.5,386,1410,
1767638700,"2026/01/05 19:45:00",19.5,19.5,322,1486,
1767640500,"2026/01/05 20:15:00",19.5,19.5,516,1281,
1767642300,"2026/01/05 20:45:00",19.5,19.5,517,1279,
1767644100,"2026/01/05 21:15:00",19.5,19.5,517,1291,
1767645900,"2026/01/05 21:45:00",19.6,19.5,0,1797,
1767647700,"2026/01/05 22:15:00",19.5,19.1,0,1935,
1767649500,"2026/01/05 22:45:00",19.4,19.5,775,1022,
1767651300,"2026/01/05 23:15:00",19.3,19,538,1485,
1767653100,"2026/01/05 23:45:00",19.4,18.5,0,1807,
1767654900,"2026/01/06 00:15:00",19.3,18.5,0,1797,
1767656700,"2026/01/06 00:45:00",19.1,18.5,0,1797,
1767658500,"2026/01/06 01:15:00",18.9,18.5,0,1796,
1767660300,"2026/01/06 01:45:00",18.8,18.5,0,1808,
1767662100,"2026/01/06 02:15:00",18.6,18.5,0,1797,
1767663900,"2026/01/06 02:45:00",18.5,18.5,76,1720,
1767665700,"2026/01/06 03:15:00",18.4,18.5,313,1495,
1767667500,"2026/01/06 03:45:00",18.4,18.5,581,1216,
1767669300,"2026/01/06 04:15:00",18.5,18.5,451,1345,
1767671100,"2026/01/06 04:45:00",18.5,18.5,0,1808,
1767672900,"2026/01/06 05:15:00",18.4,18.5,968,829,
1767674700,"2026/01/06 05:45:00",18.5,18.5,0,1796,
1767676500,"2026/01/06 06:15:00",18.5,18.5,451,1357,
1767678300,"2026/01/06 06:45:00",18.5,18.5,0,1797,
1767680100,"2026/01/06 07:15:00",18.5,19.5,1195,236,
1767681900,"2026/01/06 07:45:00",18.9,19.5,1796,0,
1767683700,"2026/01/06 08:15:00",19.6,19.5,753,1055,
1767685500,"2026/01/06 08:45:00",19.7,19.5,0,1797,
1767687300,"2026/01/06 09:15:00",19.6,19.5,0,1796,
1767689100,"2026/01/06 09:45:00",19.4,19.5,0,1808,
1767690900,"2026/01/06 10:15:00",19.5,19.5,517,1281,
1767692700,"2026/01/06 10:45:00",19.5,19.5,0,1796,
1767694500,"2026/01/06 11:15:00",19.4,19.5,0,1797,
1767696300,"2026/01/06 11:45:00",19.3,19.5,1033,775,
1767698100,"2026/01/06 12:15:00",19.4,19.5,968,828,
1767699900,"2026/01/06 12:45:00",19.6,19.5,0,1797,
1767701700,"2026/01/06 13:15:00",19.6,19.5,0,1808,
1767703500,"2026/01/06 13:45:00",19.6,19.5,323,1473,
1767705300,"2026/01/06 14:15:00",19.5,19.5,506,1291,
1767707100,"2026/01/06 14:45:00",19.5,19.5,452,1356,
1767708900,"2026/01/06 15:15:00",19.5,19.5,441,1355,
1767710700,"2026/01/06 15:45:00",19.5,19.5,376,1421,
1767712500,"2026/01/06 16:15:00",19.4,19.5,290,1518,
1767714300,"2026/01/06 16:45:00",19.4,19.5,969,827,
1767716100,"2026/01/06 17:15:00",19.6,19.5,516,1281,
1767717900,"2026/01/06 17:45:00",19.6,19.5,0,1797,
1767719700,"2026/01/06 18:15:00",19.5,19.5,839,968,
1767721500,"2026/01/06 18:45:00",19.6,19.5,516,1281,
1767723300,"2026/01/06 19:15:00",19.6,19.5,0,1797,
1767725100,"2026/01/06 19:45:00",19.5,19.5,710,1097,
1767726900,"2026/01/06 20:15:00",19.5,19.5,581,1216,
1767728700,"2026/01/06 20:45:00",19.6,19.5,323,1474,
1767730500,"2026/01/06 21:15:00",19.6,19.5,323,1484,
1767732300,"2026/01/06 21:45:00",19.5,19.5,398,1399,
1767734100,"2026/01/06 22:15:00",19.5,18,183,1582,
1767735900,"2026/01/06 22:45:00",19.4,19,0,1925,
1767737700,"2026/01/06 23:15:00",19.2,18.5,0,1797,
1767739500,"2026/01/06 23:45:00",19,18.5,0,1797,
1767741300,"2026/01/07 00:15:00",18.8,18.5,0,1797,
1767743100,"2026/01/07 00:45:00",18.7,18.5,0,1807,
1767744900,"2026/01/07 01:15:00",18.5,18.5,0,1797,
1767746700,"2026/01/07 01:45:00",18.4,18.5,517,1280,
1767748500,"2026/01/07 02:15:00",18.4,18.5,581,1226,
1767750300,"2026/01/07 02:45:00",18.5,18.5,387,1410,
1767752100,"2026/01/07 03:15:00",18.5,18.5,0,1797,
1767753900,"2026/01/07 03:45:00",18.4,18.5,236,1571,
1767755700,"2026/01/07 04:15:00",18.5,18.5,732,1065,
1767757500,"2026/01/07 04:45:00",18.5,18.5,0,1797,
1767759300,"2026/01/07 05:15:00",18.5,18.5,387,1409,
1767761100,"2026/01/07 05:45:00",18.5,18.5,323,1485,
1767762900,"2026/01/07 06:15:00",18.4,18.5,516,1281,
1767764700,"2026/01/07 06:45:00",18.5,18.5,517,1279,
1767766500,"2026/01/07 07:15:00",18.6,19.5,1194,528,
1767768300,"2026/01/07 07:45:00",19.1,19.5,1797,0,
1767770100,"2026/01/07 08:15:00",19.7,19.5,365,1442,
1767771900,"2026/01/07 08:45:00",19.8,19.5,0,1797,
1767773700,"2026/01/07 09:15:00",19.6,19.5,0,1797,
1767775500,"2026/01/07 09:45:00",19.4,19.5,580,1227,
1767777300,"2026/01/07 10:15:00",19.5,19.5,0,1797,
1767779100,"2026/01/07 10:45:00",19.5,19.5,0,1797,
1767780900,"2026/01/07 11:15:00",19.5,19.5,0,1795,
1767782700,"2026/01/07 11:45:00",19.6,19.5,0,1808,
1767784500,"2026/01/07 12:15:00",19.5,19.5,0,1797,
1767786300,"2026/01/07 12:45:00",19.3,19.5,0,1796,
1767788100,"2026/01/07 13:15:00",19.1,19.5,1560,248,
1767789900,"2026/01/07 13:45:00",19.6,19.5,1215,582,
1767791700,"2026/01/07 14:15:00",19.9,19.5,0,1796,
1767793500,"2026/01/07 14:45:00",19.8,19.5,0,1808,
1767795300,"2026/01/07 15:15:00",19.7,19.5,0,1797,
1767797100,"2026/01/07 15:45:00",19.4,19.5,0,1796,
1767798900,"2026/01/07 16:15:00",19.3,19.5,1098,710,
1767800700,"2026/01/07 16:45:00",19.4,19.5,387,1410,
1767802500,"2026/01/07 17:15:00",19.5,19.5,0,1796,
1767804300,"2026/01/07 17:45:00",19.4,19.5,710,1087,
1767806100,"2026/01/07 18:15:00",19.5,19.5,582,1226,
1767807900,"2026/01/07 18:45:00",19.5,19.5,258,1538,
1767809700,"2026/01/07 19:15:00",19.5,19.5,302,1495,
1767811500,"2026/01/07 19:45:00",19.5,19.5,452,1356,
1767813300,"2026/01/07 20:15:00",19.5,19.5,441,1355,
1767815100,"2026/01/07 20:45:00",19.5,19.5,355,1442,
1767816900,"2026/01/07 21:15:00",19.5,19.5,452,1356,
1767818700,"2026/01/07 21:45:00",19.5,19.5,579,1217,
1767820500,"2026/01/07 22:15:00",19.5,18,194,1571,
1767822300,"2026/01/07 22:45:00",19.3,18.1,0,1936,
1767824100,"2026/01/07 23:15:00",19.2,18.5,0,1797,
1767825900,"2026/01/07 23:45:00",19,18.5,0,1798,
1767827700,"2026/01/08 00:15:00",18.8,18.5,0,1797,
1767829500,"2026/01/08 00:45:00",18.7,18.5,0,1807,
1767831300,"2026/01/08 01:15:00",18.5,18.5,0,1797,
1767833100,"2026/01/08 01:45:00",18.4,18.5,516,1281,
1767834900,"2026/01/08 02:15:00",18.4,18.5,581,1226,
1767836700,"2026/01/08 02:45:00",18.5,18.5,322,1475,
1767838500,"2026/01/08 03:15:00",18.5,18.5,324,1473,
1767840300,"2026/01/08 03:45:00",18.5,18.5,237,1570,
1767842100,"2026/01/08 04:15:00",18.5,18.5,313,1484,
1767843900,"2026/01/08 04:45:00",18.5,18.5,420,1377,
1767845700,"2026/01/08 05:15:00",18.5,18.5,388,1419,
1767847500,"2026/01/08 05:45:00",18.5,18.5,322,1475,
1767849300,"2026/01/08 06:15:00",18.5,18.5,453,1344,
1767851100,"2026/01/08 06:45:00",18.5,18.5,582,1214,
1767852900,"2026/01/08 07:15:00",18.5,19.5,1194,463,
1767854700,"2026/01/08 07:45:00",19.1,19.5,1797,0,
1767856500,"2026/01/08 08:15:00",19.7,19.5,366,1442,
1767858300,"2026/01/08 08:45:00",19.7,19.5,0,1796,
1767860100,"2026/01/08 09:15:00",19.6,19.5,0,1797,
1767861900,"2026/01/08 09:45:00",19.5,19.5,0,1808,
1767863700,"2026/01/08 10:15:00",19.5,19.5,0,1796,
1767865500,"2026/01/08 10:45:00",19.6,19.5,0,1797,
1767867300,"2026/01/08 11:15:00",19.6,19.5,0,1797,
1767869100,"2026/01/08 11:45:00",19.7,19.5,0,1807,
1767870900,"2026/01/08 12:15:00",19.8,19.5,0,1797,
1767872700,"2026/01/08 12:45:00",19.8,19.5,0,1797,
1767874500,"2026/01/08 13:15:00",19.8,19.5,0,1807,
1767876300,"2026/01/08 13:45:00",19.7,19.5,0,1797,
1767878100,"2026/01/08 14:15:00",19.6,19.5,0,1797,
1767879900,"2026/01/08 14:45:00",19.4,19.5,570,1237,
1767881700,"2026/01/08 15:15:00",19.3,19.5,505,1292,
1767883500,"2026/01/08 15:45:00",19.4,19.5,1022,775,
1767885300,"2026/01/08 16:15:00",19.6,19.5,419,1388,
1767887100,"2026/01/08 16:45:00",19.5,19.5,21,1776,
1767888900,"2026/01/08 17:15:00",19.5,19.5,367,1430,
1767890700,"2026/01/08 17:45:00",19.4,19.5,580,1217,
1767892500,"2026/01/08 18:15:00",19.5,19.5,582,1225,
1767894300,"2026/01/08 18:45:00",19.5,19.5,451,1346,
1767896100,"2026/01/08 19:15:00",19.5,19.5,388,1409,
1767897900,"2026/01/08 19:45:00",19.5,19.5,581,1226,
1767899700,"2026/01/08 20:15:00",19.5,19.5,387,1410,
1767901500,"2026/01/08 20:45:00",19.5,19.5,516,1281,
1767903300,"2026/01/08 21:15:00",19.5,19.5,451,1356,
1767905100,"2026/01/08 21:45:00",19.5,19.5,387,1410,
1767906900,"2026/01/08 22:15:00",19.5,18.3,0,1936,
1767908700,"2026/01/08 22:45:00",19.3,18.5,0,1797,
1767910500,"2026/01/08 23:15:00",19.1,18.5,0,1808,
1767912300,"2026/01/08 23:45:00",18.9,18.5,0,1796,
1767914100,"2026/01/09 00:15:00",18.8,18.5,0,1797,
1767915900,"2026/01/09 00:45:00",18.7,18.5,0,1808,
1767917700,"2026/01/09 01:15:00",18.5,18.5,0,1795,
1767919500,"2026/01/09 01:45:00",18.4,18.5,388,1409,
1767921300,"2026/01/09 02:15:00",18.4,18.5,581,1216,
1767923100,"2026/01/09 02:45:00",18.5,18.5,517,1291,
1767924900,"2026/01/09 03:15:00",18.5,18.5,323,1473,
1767926700,"2026/01/09 03:45:00",18.6,18.5,0,1797,
1767928500,"2026/01/09 04:15:00",18.5,18.5,495,1313,
1767930300,"2026/01/09 04:45:00",18.5,18.5,440,1356,
1767932100,"2026/01/09 05:15:00",18.5,18.5,248,1549,
1767933900,"2026/01/09 05:45:00",18.5,18.5,172,1636,
1767935700,"2026/01/09 06:15:00",18.5,18.5,0,1796,
1767937500,"2026/01/09 06:45:00",18.5,18.8,1560,538,
1767939300,"2026/01/09 07:15:00",18.8,19.5,1388,0,
1767941100,"2026/01/09 07:45:00",19.6,19.5,1065,732,
1767942900,"2026/01/09 08:15:00",19.8,19.5,0,1807,
1767944700,"2026/01/09 08:45:00",19.7,19.5,0,1797,
1767946500,"2026/01/09 09:15:00",19.5,19.5,0,1797,
1767948300,"2026/01/09 09:45:00",19.3,19.5,398,1058,
1767950100,"2026/01/09 10:15:00",19.2,19.5,431,1377,
1767951900,"2026/01/09 10:45:00",19.3,19.5,1021,775,
1767953700,"2026/01/09 11:15:00",19.6,19.5,291,1506,
1767955500,"2026/01/09 11:45:00",19.5,19.5,10,1787,
1767957300,"2026/01/09 12:15:00",19.4,19.5,505,1302,
1767959100,"2026/01/09 12:45:00",19.4,19.5,516,1281,
1767960900,"2026/01/09 13:15:00",19.5,19.5,711,1086,
1767962700,"2026/01/09 13:45:00",19.5,19.5,388,1419,
1767964500,"2026/01/09 14:15:00",19.5,19.5,387,1410,
1767966300,"2026/01/09 14:45:00",19.5,19.5,388,1409,
1767968100,"2026/01/09 15:15:00",19.4,19.5,775,1032,
1767969900,"2026/01/09 15:45:00",19.5,19.5,580,1217,
1767971700,"2026/01/09 16:15:00",19.6,19.5,452,1345,
1767973500,"2026/01/09 16:45:00",19.6,19.5,258,1549,
1767975300,"2026/01/09 17:15:00",19.5,19.5,388,1409,
1767977100,"2026/01/09 17:45:00",19.5,19.5,313,1484,
1767978900,"2026/01/09 18:15:00",19.5,19.5,505,1292,
1767980700,"2026/01/09 18:45:00",19.5,19.5,516,1291,
1767982500,"2026/01/09 19:15:00",19.6,19.5,280,1517,
1767984300,"2026/01/09 19:45:00",19.5,19.5,387,1410,
1767986100,"2026/01/09 20:15:00",19.5,19.5,516,1291,
1767987900,"2026/01/09 20:45:00",19.5,19.5,580,1217,
1767989700,"2026/01/09 21:15:00",19.5,19.5,517,1280,
1767991500,"2026/01/09 21:45:00",19.5,19.5,389,1418,
1767993300,"2026/01/09 22:15:00",19.5,18.5,0,1711,
1767995100,"2026/01/09 22:45:00",19.4,18.5,0,1797,
1767996900,"2026/01/09 23:15:00",19.2,18.5,0,1807,
1767998700,"2026/01/09 23:45:00",19,18.5,0,1797,
1768000500,"2026/01/10 00:15:00",18.8,18.5,0,1797,
1768002300,"2026/01/10 00:45:00",18.7,18.5,0,1807,
1768004100,"2026/01/10 01:15:00",18.6,18.5,0,1797,
1768005900,"2026/01/10 01:45:00",18.4,18.5,387,1410,
1768007700,"2026/01/10 02:15:00",18.4,18.5,581,1215,
1768009500,"2026/01/10 02:45:00",18.5,18.5,581,1227,
1768011300,"2026/01/10 03:15:00",18.5,18.5,259,1538,
1768013100,"2026/01/10 03:45:00",18.6,18.5,0,1796,
1768014900,"2026/01/10 04:15:00",18.5,18.5,205,1603,
1768016700,"2026/01/10 04:45:00",18.5,18.5,505,1292,
1768018500,"2026/01/10 05:15:00",18.5,18.5,322,1474,
1768020300,"2026/01/10 05:45:00",18.5,18.5,0,1808,
1768022100,"2026/01/10 06:15:00",18.5,18.5,839,958,
1768023900,"2026/01/10 06:45:00",18.6,18.5,258,1538,
1768025700,"2026/01/10 07:15:00",18.6,19.3,1194,614,
1768027500,"2026/01/10 07:45:00",19.1,19.5,1797,0,
1768029300,"2026/01/10 08:15:00",19.8,19.5,430,1377,
1768031100,"2026/01/10 08:45:00",19.8,19.5,0,1797,
1768032900,"2026/01/10 09:15:00",19.6,19.5,0,1797,
1768034700,"2026/01/10 09:45:00",19.4,19.5,387,1420,
1768036500,"2026/01/10 10:15:00",19.3,19.5,829,968,
1768038300,"2026/01/10 10:45:00",19.5,19.5,785,1012,
1768040100,"2026/01/10 11:15:00",19.7,19.5,0,1796,
1768041900,"2026/01/10 11:45:00",19.6,19.5,0,1808,
1768043700,"2026/01/10 12:15:00",19.4,19.5,452,1345,
1768045500,"2026/01/10 12:45:00",19.3,19.5,1161,635,
1768047300,"2026/01/10 13:15:00",19.6,19.5,515,1293,
1768049100,"2026/01/10 13:45:00",19.7,19.5,0,1797,
1768050900,"2026/01/10 14:15:00",19.6,19.5,0,1796,
1768052700,"2026/01/10 14:45:00",19.5,19.5,904,904,
1768054500,"2026/01/10 15:15:00",19.6,19.5,516,1281,
1768056300,"2026/01/10 15:45:00",19.6,19.5,0,1796,
1768058100,"2026/01/10 16:15:00",19.5,19.5,549,1259,
1768059900,"2026/01/10 16:45:00",19.5,19.5,636,1161,
1768061700,"2026/01/10 17:15:00",19.5,19.5,441,1355,
1768063500,"2026/01/10 17:45:00",19.5,19.5,312,1485,
1768065300,"2026/01/10 18:15:00",19.5,19.5,323,1485,
1768067100,"2026/01/10 18:45:00",19.5,19.5,580,1216,
1768068900,"2026/01/10 19:15:00",19.5,19.5,453,1344,
1768070700,"2026/01/10 19:45:00",19.5,19.5,644,1164,
1768072500,"2026/01/10 20:15:00",19.5,19.5,518,1278,
1768074300,"2026/01/10 20:45:00",19.6,19.5,451,1346,
1768076100,"2026/01/10 21:15:00",19.5,19.5,323,1485,
1768077900,"2026/01/10 21:45:00",19.5,19.5,388,1408,
1768079700,"2026/01/10 22:15:00",19.4,18.8,0,1829,
1768081500,"2026/01/10 22:45:00",19.2,18.5,0,1797,
1768083300,"2026/01/10 23:15:00",19,18.5,0,1808,
1768085100,"2026/01/10 23:45:00",18.8,18.5,0,1796,
1768086900,"2026/01/11 00:15:00",18.7,18.5,0,1797,
1768088700,"2026/01/11 00:45:00",18.5,18.5,0,1808,
1768090500,"2026/01/11 01:15:00",18.4,18.5,247,1549,
1768092300,"2026/01/11 01:45:00",18.4,18.5,828,969,
1768094100,"2026/01/11 02:15:00",18.5,18.5,281,1516,
1768095900,"2026/01/11 02:45:00",18.5,18.5,0,1807,
1768097700,"2026/01/11 03:15:00",18.4,18.5,389,1408,
1768099500,"2026/01/11 03:45:00",18.4,18.5,581,1216,
1768101300,"2026/01/11 04:15:00",18.5,18.5,518,1289,
1768103100,"2026/01/11 04:45:00",18.5,18.5,452,1345,
1768104900,"2026/01/11 05:15:00",18.5,18.5,257,1540,
1768106700,"2026/01/11 05:45:00",18.5,18.5,387,1420,
1768108500,"2026/01/11 06:15:00",18.5,18.5,515,1282,
1768110300,"2026/01/11 06:45:00",18.5,18.5,516,1281,
1768112100,"2026/01/11 07:15:00",18.5,19.3,1194,613,
1768113900,"2026/01/11 07:45:00",19.1,19.5,1797,0,
1768115700,"2026/01/11 08:15:00",19.7,19.5,431,1377,
1768117500,"2026/01/11 08:45:00",19.7,19.5,0,1796,
1768119300,"2026/01/11 09:15:00",19.5,19.5,0,1797,
1768121100,"2026/01/11 09:45:00",19.5,19.5,0,1808,
1768122900,"2026/01/11 10:15:00",18.9,19.5,570,1226,
1768124700,"2026/01/11 10:45:00",19.2,19.5,1797,0,
1768126500,"2026/01/11 11:15:00",19.9,19.5,151,1646,
1768128300,"2026/01/11 11:45:00",19.9,19.5,0,1808,
1768130100,"2026/01/11 12:15:00",19.8,19.5,0,1797,
1768131900,"2026/01/11 12:45:00",19.6,19.5,0,1797,
1768133700,"2026/01/11 13:15:00",19.5,19.5,451,1356,
1768135500,"2026/01/11 13:45:00",19.5,19.5,580,1217,
1768137300,"2026/01/11 14:15:00",19.6,19.5,0,1797,
1768139100,"2026/01/11 14:45:00",19.6,19.5,0,1807,
1768140900,"2026/01/11 15:15:00",19.5,19.5,237,1560,
1768142700,"2026/01/11 15:45:00",19.4,19.5,313,1484,
1768144500,"2026/01/11 16:15:00",19.3,19.5,484,1323,
1768146300,"2026/01/11 16:45:00",19.3,19.5,968,829,
1768148100,"2026/01/11 17:15:00",19.5,19.5,710,1087,
1768149900,"2026/01/11 17:45:00",19.6,19.5,0,1797,
1768151700,"2026/01/11 18:15:00",19.4,19.5,647,1160,
1768153500,"2026/01/11 18:45:00",19.4,19.5,645,1152,
1768155300,"2026/01/11 19:15:00",19.5,19.5,518,1279,
1768157100,"2026/01/11 19:45:00",19.5,19.5,322,1485,
1768158900,"2026/01/11 20:15:00",19.5,19.5,324,1473,
1768160700,"2026/01/11 20:45:00",19.5,19.5,517,1280,
1768162500,"2026/01/11 21:15:00",19.5,19.5,516,1291,
1768164300,"2026/01/11 21:45:00",19.5,19.5,398,1399,
1768166100,"2026/01/11 22:15:00",19.5,18.5,118,1646,
1768167900,"2026/01/11 22:45:00",19.3,18.5,0,1797,
1768169700,"2026/01/11 23:15:00",19.1,18.5,0,1808,
1768171500,"2026/01/11 23:45:00",18.9,18.5,0,1795,
1768173300,"2026/01/12 00:15:00",18.7,18.5,0,1797,
1768175100,"2026/01/12 00:45:00",18.6,18.5,0,1808,
1768176900,"2026/01/12 01:15:00",18.4,18.5,0,1796,
1768178700,"2026/01/12 01:45:00",18.3,18.5,969,828,
1768180500,"2026/01/12 02:15:00",18.5,18.5,451,1346,
1768182300,"2026/01/12 02:45:00",18.5,18.5,0,1807,
1768184100,"2026/01/12 03:15:00",18.4,18.5,838,959,
1768185900,"2026/01/12 03:45:00",18.5,18.5,323,1474,
1768187700,"2026/01/12 04:15:00",18.5,18.5,0,1807,
1768189500,"2026/01/12 04:45:00",18.4,18.5,645,1152,
1768191300,"2026/01/12 05:15:00",18.5,18.5,829,968,
1768193100,"2026/01/12 05:45:00",18.6,18.5,11,1796,
1768194900,"2026/01/12 06:15:00",18.5,18.5,237,1560,
1768196700,"2026/01/12 06:45:00",18.5,18.5,506,1291,
1768198500,"2026/01/12 07:15:00",18.5,19.3,1677,130,
1768200300,"2026/01/12 07:45:00",19.1,19.5,1797,0,
1768202100,"2026/01/12 08:15:00",19.7,19.5,301,1507,
1768203900,"2026/01/12 08:45:00",19.6,19.5,0,1796,
1768205700,"2026/01/12 09:15:00",19.4,19.5,387,1410,
1768207500,"2026/01/12 09:45:00",19.4,19.5,646,1162,
1768209300,"2026/01/12 10:15:00",19.5,19.5,839,957,
1768211100,"2026/01/12 10:45:00",19.5,19.5,0,1797,
1768212900,"2026/01/12 11:15:00",19.4,19.5,0,1797,
1768214700,"2026/01/12 11:45:00",19.3,19.5,1419,388,
1768216500,"2026/01/12 12:15:00",19.6,19.5,441,1356,
1768218300,"2026/01/12 12:45:00",19.6,19.5,0,1797,
1768220100,"2026/01/12 13:15:00",19.5,19.5,647,1160,
1768221900,"2026/01/12 13:45:00",19.6,19.5,580,1217,
1768223700,"2026/01/12 14:15:00",19.6,19.5,388,1409,
1768225500,"2026/01/12 14:45:00",19.5,19.5,580,1227,
1768227300,"2026/01/12 15:15:00",19.5,19.5,581,1216,
1768229100,"2026/01/12 15:45:00",19.5,19.5,517,1280,
1768230900,"2026/01/12 16:15:00",19.5,19.5,418,1389,
1768232700,"2026/01/12 16:45:00",19.5,19.5,377,1420,
1768234500,"2026/01/12 17:15:00",19.5,19.5,635,1162,
1768236300,"2026/01/12 17:45:00",19.6,19.5,312,1485,
1768238100,"2026/01/12 18:15:00",19.6,19.5,387,1420,
1768239900,"2026/01/12 18:45:00",19.5,19.5,517,1280,
1768241700,"2026/01/12 19:15:00",19.5,19.5,516,1281,
1768243500,"2026/01/12 19:45:00",19.5,19.5,581,1226,
1768245300,"2026/01/12 20:15:00",19.5,19.5,451,1346,
1768247100,"2026/01/12 20:45:00",19.5,19.5,388,1409,
1768248900,"2026/01/12 21:15:00",19.5,19.5,580,1227,
1768250700,"2026/01/12 21:45:00",19.5,19.5,452,1345,
1768252500,"2026/01/12 22:15:00",19.5,18.8,0,1829,
1768254300,"2026/01/12 22:45:00",19.3,18.5,0,1797,
1768256100,"2026/01/12 23:15:00",19.1,18.5,0,1807,
1768257900,"2026/01/12 23:45:00",18.9,18.5,0,1797,
1768259700,"2026/01/13 00:15:00",18.7,18.5,0,1797,
1768261500,"2026/01/13 00:45:00",18.6,18.5,0,1807,
1768263300,"2026/01/13 01:15:00",18.5,18.5,323,1474,
1768265100,"2026/01/13 01:45:00",18.4,18.5,518,1279,
1768266900,"2026/01/13 02:15:00",18.4,18.5,776,1021,
1768268700,"2026/01/13 02:45:00",18.5,18.5,0,1807,
1768270500,"2026/01/13 03:15:00",18.5,18.5,581,1216,
1768272300,"2026/01/13 03:45:00",18.5,18.5,0,1797,
1768274100,"2026/01/13 04:15:00",18.4,18.5,840,967,
1768275900,"2026/01/13 04:45:00",18.5,18.5,452,1345,
1768277700,"2026/01/13 05:15:00",18.6,18.5,0,1797,
1768279500,"2026/01/13 05:45:00",18.5,18.5,441,1366,
1768281300,"2026/01/13 06:15:00",18.5,18.5,441,1356,
1768283100,"2026/01/13 06:45:00",18.5,18.5,247,1550,
1768284900,"2026/01/13 07:15:00",18.5,19.5,1420,322,
1768286700,"2026/01/13 07:45:00",19,19.5,1797,0,
1768288500,"2026/01/13 08:15:00",19.7,19.5,431,1377,
1768290300,"2026/01/13 08:45:00",19.8,19.5,0,1796,
1768292100,"2026/01/13 09:15:00",19.6,19.5,0,1797,
1768293900,"2026/01/13 09:45:00",19.4,19.5,259,1549,
1768295700,"2026/01/13 10:15:00",19.4,19.5,765,1031,
1768297500,"2026/01/13 10:45:00",19.5,19.5,850,947,
1768299300,"2026/01/13 11:15:00",19.6,19.5,0,1797,
1768301100,"2026/01/13 11:45:00",19.5,19.5,0,1808,
1768302900,"2026/01/13 12:15:00",19.4,19.5,775,1021,
1768304700,"2026/01/13 12:45:00",19.5,19.5,645,1152,
1768306500,"2026/01/13 13:15:00",19.6,19.5,322,1486,
1768308300,"2026/01/13 13:45:00",19.5,19.5,324,1472,
1768310100,"2026/01/13 14:15:00",19.5,19.5,452,1345,
1768311900,"2026/01/13 14:45:00",19.4,19.5,581,1227,
1768313700,"2026/01/13 15:15:00",19.5,19.5,580,1216,
1768315500,"2026/01/13 15:45:00",19.5,19.5,517,1280,
1768317300,"2026/01/13 16:15:00",19.5,19.5,324,1484,
1768319100,"2026/01/13 16:45:00",19.5,19.5,280,1516,
1768320900,"2026/01/13 17:15:00",19.5,19.5,247,1550,
1768322700,"2026/01/13 17:45:00",19.5,19.5,442,1355,
1768324500,"2026/01/13 18:15:00",19.5,19.5,710,1097,
1768326300,"2026/01/13 18:45:00",19.5,19.5,388,1409,
1768328100,"2026/01/13 19:15:00",19.5,19.5,387,1410,
1768329900,"2026/01/13 19:45:00",19.5,19.5,453,1354,
1768331700,"2026/01/13 20:15:00",19.5,19.5,517,1280,
1768333500,"2026/01/13 20:45:00",19.5,19.5,581,1216,
1768335300,"2026/01/13 21:15:00",19.5,19.5,258,1549,
1768337100,"2026/01/13 21:45:00",19.5,19.5,515,1282,
1768338900,"2026/01/13 22:15:00",19.5,18.8,0,1829,
1768340700,"2026/01/13 22:45:00",19.4,18.5,0,1797,
1768342500,"2026/01/13 23:15:00",19.2,18.5,0,1807,
1768344300,"2026/01/13 23:45:00",19.1,18.5,0,1797,
1768346100,"2026/01/14 00:15:00",18.9,18.5,0,1797,
1768347900,"2026/01/14 00:45:00",18.7,18.5,0,1807,
1768349700,"2026/01/14 01:15:00",18.6,18.5,0,1797,
1768351500,"2026/01/14 01:45:00",18.5,18.5,323,1474,
1768353300,"2026/01/14 02:15:00",18.4,18.5,226,1571,
1768355100,"2026/01/14 02:45:00",18.4,18.5,323,1484,
1768356900,"2026/01/14 03:15:00",18.5,18.5,484,1313,
1768358700,"2026/01/14 03:45:00",18.5,18.5,322,1475,
1768360500,"2026/01/14 04:15:00",18.5,18.5,0,1807,
1768362300,"2026/01/14 04:45:00",18.5,18.5,773,1024,
1768364100,"2026/01/14 05:15:00",18.6,18.5,0,1797,
1768365900,"2026/01/14 05:45:00",18.5,18.5,388,1419,
1768367700,"2026/01/14 06:15:00",18.5,18.5,0,1797,
1768369500,"2026/01/14 06:45:00",18.4,18.5,646,1151,
1768371300,"2026/01/14 07:15:00",18.5,19.3,1194,613,
1768373100,"2026/01/14 07:45:00",19.1,19.5,1797,0,
1768374900,"2026/01/14 08:15:00",19.8,19.5,366,1441,
1768376700,"2026/01/14 08:45:00",19.8,19.5,0,1797,
1768378500,"2026/01/14 09:15:00",19.7,19.5,0,1797,
1768380300,"2026/01/14 09:45:00",19.5,19.5,0,1807,
1768382100,"2026/01/14 10:15:00",19.3,19.5,247,1550,
1768383900,"2026/01/14 10:45:00",19.4,19.5,1043,754,
1768385700,"2026/01/14 11:15:00",19.5,19.5,0,1797,
1768387500,"2026/01/14 11:45:00",19.5,19.5,0,1807,
1768389300,"2026/01/14 12:15:00",19.4,19.5,903,894,
1768391100,"2026/01/14 12:45:00",19.6,19.5,0,1797,
1768392900,"2026/01/14 13:15:00",19.5,19.5,259,1548,
1768394700,"2026/01/14 13:45:00",19.4,19.5,451,1346,
1768396500,"2026/01/14 14:15:00",19.4,19.5,645,1152,
1768398300,"2026/01/14 14:45:00",19.5,19.5,388,1419,
1768400100,"2026/01/14 15:15:00",19.5,19.5,388,1409,
1768401900,"2026/01/14 15:45:00",19.5,19.5,322,1475,
1768403700,"2026/01/14 16:15:00",19.4,19.5,548,1259,
1768405500,"2026/01/14 16:45:00",19.5,19.5,506,1291,
1768407300,"2026/01/14 17:15:00",19.5,19.5,440,1357,
1768409100,"2026/01/14 17:45:00",19.6,19.5,53,1743,
1768410900,"2026/01/14 18:15:00",19.5,19.5,0,1808,
1768412700,"2026/01/14 18:45:00",19.6,19.5,710,1087,
1768414500,"2026/01/14 19:15:00",19.6,19.5,0,1796,
1768416300,"2026/01/14 19:45:00",19.6,19.5,516,1292,
1768418100,"2026/01/14 20:15:00",19.5,19.5,0,1797,
1768419900,"2026/01/14 20:45:00",19.5,19.5,582,1214,
1768421700,"2026/01/14 21:15:00",19.5,19.5,324,1484,
1768423500,"2026/01/14 21:45:00",19.5,19.5,0,1797,
1768425300,"2026/01/14 22:15:00",19.4,18.5,0,1764,
1768427100,"2026/01/14 22:45:00",19.2,18.5,0,1797,
1768428900,"2026/01/14 23:15:00",19.1,18.5,0,1807,
1768430700,"2026/01/14 23:45:00",18.9,18.5,0,1797,
1768432500,"2026/01/15 00:15:00",18.8,18.5,0,1797,
1768434300,"2026/01/15 00:45:00",18.7,18.5,0,1807,
1768436100,"2026/01/15 01:15:00",18.6,18.5,0,1797,
1768437900,"2026/01/15 01:45:00",18.5,18.5,172,1625,
1768439700,"2026/01/15 02:15:00",18.4,18.5,183,1614,
1768441500,"2026/01/15 02:45:00",18.5,18.5,419,1388,
1768443300,"2026/01/15 03:15:00",18.5,18.5,452,1345,
1768445100,"2026/01/15 03:45:00",18.5,18.5,0,1797,
1768446900,"2026/01/15 04:15:00",18.5,18.5,710,1097,
1768448700,"2026/01/15 04:45:00",18.6,18.5,0,1797,
1768450500,"2026/01/15 05:15:00",18.5,18.5,0,1797,
1768452300,"2026/01/15 05:45:00",18.5,18.5,646,1161,
1768454100,"2026/01/15 06:15:00",18.5,18.5,0,1797,
1768455900,"2026/01/15 06:45:00",18.5,18.5,388,1409,
1768457700,"2026/01/15 07:15:00",18.6,19.3,1194,613,
1768459500,"2026/01/15 07:45:00",19.2,19.5,1797,0,
1768461300,"2026/01/15 08:15:00",19.8,19.5,236,1571,
1768463100,"2026/01/15 08:45:00",19.9,19.5,0,1797,
1768464900,"2026/01/15 09:15:00",19.7,19.5,0,1797,
1768466700,"2026/01/15 09:45:00",19.6,19.5,0,1807,
1768468500,"2026/01/15 10:15:00",19.4,19.5,635,1162,
1768470300,"2026/01/15 10:45:00",19.4,19.5,463,1334,
1768472100,"2026/01/15 11:15:00",19.5,19.5,322,1475,
1768473900,"2026/01/15 11:45:00",19.5,19.5,226,1581,
1768475700,"2026/01/15 12:15:00",19.5,19.5,312,1485,
1768477500,"2026/01/15 12:45:00",19.5,19.5,365,1432,
1768479300,"2026/01/15 13:15:00",19.5,19.5,388,1419,
1768481100,"2026/01/15 13:45:00",19.5,19.5,387,1410,
1768482900,"2026/01/15 14:15:00",19.5,19.5,452,1345,
1768484700,"2026/01/15 14:45:00",19.5,19.5,323,1483,
1768486500,"2026/01/15 15:15:00",19.5,19.5,387,1410,
1768488300,"2026/01/15 15:45:00",19.5,19.5,387,1410,
1768490100,"2026/01/15 16:15:00",19.5,19.5,517,1290,
1768491900,"2026/01/15 16:45:00",19.5,19.5,451,1346,
1768493700,"2026/01/15 17:15:00",19.5,19.5,388,1409,
1768495500,"2026/01/15 17:45:00",19.5,19.5,386,1410,
1768497300,"2026/01/15 18:15:00",19.5,19.5,387,1421,
1768499100,"2026/01/15 18:45:00",19.5,19.5,311,1486,
1768500900,"2026/01/15 19:15:00",19.6,19.5,268,1528,
1768502700,"2026/01/15 19:45:00",19.5,19.5,0,1808,
1768504500,"2026/01/15 20:15:00",19.5,19.5,711,1086,
1768506300,"2026/01/15 20:45:00",19.6,19.5,258,1538,
1768508100,"2026/01/15 21:15:00",19.6,19.5,0,1808,
1768509900,"2026/01/15 21:45:00",19.5,19.5,0,1797,
1768511700,"2026/01/15 22:15:00",19.4,18.8,64,1765,
1768513500,"2026/01/15 22:45:00",19.3,18.5,0,1796,
1768515300,"2026/01/15 23:15:00",19.1,18.5,0,1808,
1768517100,"2026/01/15 23:45:00",19,18.5,0,1797,
1768518900,"2026/01/16 00:15:00",18.8,18.5,0,1796,
1768520700,"2026/01/16 00:45:00",18.7,18.5,0,1808,
1768522500,"2026/01/16 01:15:00",18.6,18.5,0,1797,
1768524300,"2026/01/16 01:45:00",18.5,18.5,0,1796,
1768526100,"2026/01/16 02:15:00",18.5,18.5,0,1797,
1768527900,"2026/01/16 02:45:00",18.4,18.5,775,1033,
1768529700,"2026/01/16 03:15:00",18.5,18.5,0,1796,
1768531500,"2026/01/16 03:45:00",18.5,18.5,390,1408,
1768533300,"2026/01/16 04:15:00",18.5,18.5,0,1808,
1768535100,"2026/01/16 04:45:00",18.4,18.5,581,1215,
1768536900,"2026/01/16 05:15:00",18.5,18.5,257,1540,
1768538700,"2026/01/16 05:45:00",18.5,18.5,0,1808,
1768540500,"2026/01/16 06:15:00",18.5,18.5,237,1559,
1768542300,"2026/01/16 06:45:00",18.5,18.5,409,1388,
1768544100,"2026/01/16 07:15:00",18.6,19.3,1195,613,
1768545900,"2026/01/16 07:45:00",18.9,19.5,1796,0,
1768547700,"2026/01/16 08:15:00",19.7,19.5,753,1055,
1768549500,"2026/01/16 08:45:00",19.9,19.5,0,1797,
1768551300,"2026/01/16 09:15:00",19.8,19.5,0,1796,
1768553100,"2026/01/16 09:45:00",19.6,19.5,0,1808,
1768554900,"2026/01/16 10:15:00",19.5,19.5,118,1679,
1768556700,"2026/01/16 10:45:00",19.4,19.5,462,1334,
1768558500,"2026/01/16 11:15:00",19.5,19.5,711,1086,
1768560300,"2026/01/16 11:45:00",19.6,19.5,323,1485,
1768562100,"2026/01/16 12:15:00",19.5,19.5,0,1796,
1768563900,"2026/01/16 12:45:00",19.4,19.5,644,1153,
1768565700,"2026/01/16 13:15:00",19.5,19.5,453,1355,
1768567500,"2026/01/16 13:45:00",19.5,19.5,0,1796,
1768569300,"2026/01/16 14:15:00",19.5,19.5,711,1086,
1768571100,"2026/01/16 14:45:00",19.5,19.5,0,1808,
1768572900,"2026/01/16 15:15:00",19.5,19.5,580,1216,
1768574700,"2026/01/16 15:45:00",19.5,19.5,0,1797,
1768576500,"2026/01/16 16:15:00",19.5,19.5,420,1388,
1768578300,"2026/01/16 16:45:00",19.5,19.5,354,1442,
1768580100,"2026/01/16 17:15:00",19.5,19.5,140,1657,
1768581900,"2026/01/16 17:45:00",19.5,19.5,442,1355,
1768583700,"2026/01/16 18:15:00",19.5,19.5,0,1807,
1768585500,"2026/01/16 18:45:00",19.5,19.5,580,1217,
1768587300,"2026/01/16 19:15:00",19.5,19.5,0,1797,
1768589100,"2026/01/16 19:45:00",19.5,19.5,582,1225,
1768590900,"2026/01/16 20:15:00",19.5,19.5,0,1797,
1768592700,"2026/01/16 20:45:00",19.5,19.5,451,1346,
1768594500,"2026/01/16 21:15:00",19.6,19.5,0,1807,
1768596300,"2026/01/16 21:45:00",19.5,19.5,387,1410,
1768598100,"2026/01/16 22:15:00",19.5,18.5,0,1765,
1768599900,"2026/01/16 22:45:00",19.4,18.5,0,1796,
1768601700,"2026/01/16 23:15:00",19.3,18.5,0,1808,
1768603500,"2026/01/16 23:45:00",19.1,18.5,0,1797,
1768605300,"2026/01/17 00:15:00",18.9,18.5,0,1796,
1768607100,"2026/01/17 00:45:00",18.8,18.5,0,1808,
1768608900,"2026/01/17 01:15:00",18.7,18.5,0,1797,
1768610700,"2026/01/17 01:45:00",18.6,18.5,0,1796,
1768612500,"2026/01/17 02:15:00",18.5,18.5,0,1797,
1768614300,"2026/01/17 02:45:00",18.5,18.5,0,1808,
1768616100,"2026/01/17 03:15:00",18.4,18.5,710,1086,
1768617900,"2026/01/17 03:45:00",18.5,18.5,0,1797,
1768619700,"2026/01/17 04:15:00",18.5,18.5,387,1420,
1768621500,"2026/01/17 04:45:00",18.5,18.5,0,1796,
1768623300,"2026/01/17 05:15:00",18.4,18.5,517,1280,
1768625100,"2026/01/17 05:45:00",18.5,18.5,0,1808,
1768626900,"2026/01/17 06:15:00",18.5,18.5,430,1366,
1768628700,"2026/01/17 06:45:00",18.5,18.5,151,1646,
1768630500,"2026/01/17 07:15:00",18.5,19.3,1195,613,
1768632300,"2026/01/17 07:45:00",19.1,19.5,1796,0,
1768634100,"2026/01/17 08:15:00",19.9,19.5,366,1442,
1768635900,"2026/01/17 08:45:00",19.9,19.5,0,1797,
1768637700,"2026/01/17 09:15:00",19.8,19.5,0,1796,
1768639500,"2026/01/17 09:45:00",19.5,19.5,0,1808,
1768641300,"2026/01/17 10:15:00",19.4,19.5,700,1097,
1768643100,"2026/01/17 10:45:00",19.5,19.5,75,1721,
1768644900,"2026/01/17 11:15:00",19.5,19.5,419,1378,
1768646700,"2026/01/17 11:45:00",19.5,19.5,162,1646,
1768648500,"2026/01/17 12:15:00",19.5,19.5,0,1796,
1768650300,"2026/01/17 12:45:00",19.4,19.5,11,1786,
1768652100,"2026/01/17 13:15:00",19.4,19.5,1087,721,
1768653900,"2026/01/17 13:45:00",19.6,19.5,0,1796,
1768655700,"2026/01/17 14:15:00",19.5,19.5,0,1797,
1768657500,"2026/01/17 14:45:00",19.5,19.5,387,1421,
1768659300,"2026/01/17 15:15:00",19.4,19.5,388,1408,
1768661100,"2026/01/17 15:45:00",19.5,19.5,582,1215,
1768662900,"2026/01/17 16:15:00",19.5,19.5,387,1421,
1768664700,"2026/01/17 16:45:00",19.5,19.5,0,1796,
1768666500,"2026/01/17 17:15:00",19.4,19.5,720,1077,
1768668300,"2026/01/17 17:45:00",19.5,19.5,441,1356,
1768670100,"2026/01/17 18:15:00",19.6,19.5,0,1807,
1768671900,"2026/01/17 18:45:00",19.5,19.5,311,1486,
1768673700,"2026/01/17 19:15:00",19.5,19.5,183,1614,
1768675500,"2026/01/17 19:45:00",19.5,19.5,215,1592,
1768677300,"2026/01/17 20:15:00",19.5,19.5,0,1797,
1768679100,"2026/01/17 20:45:00",19.5,19.5,517,1280,
1768680900,"2026/01/17 21:15:00",19.5,19.5,0,1807,
1768682700,"2026/01/17 21:45:00",19.5,19.5,581,1216,
1768684500,"2026/01/17 22:15:00",19.5,18.8,0,1829,
1768686300,"2026/01/17 22:45:00",19.5,18.5,0,1797,
1768688100,"2026/01/17 23:15:00",19.3,18.5,0,1808,
1768689900,"2026/01/17 23:45:00",19.1,18.5,0,1796,
1768691700,"2026/01/18 00:15:00",19,18.5,0,1797,
1768693500,"2026/01/18 00:45:00",18.9,18.5,0,1808,
1768695300,"2026/01/18 01:15:00",18.8,18.5,0,1796,
1768697100,"2026/01/18 01:45:00",18.7,18.5,0,1797,
1768698900,"2026/01/18 02:15:00",18.6,18.5,0,1797,
1768700700,"2026/01/18 02:45:00",18.5,18.5,0,1807,
1768702500,"2026/01/18 03:15:00",18.4,18.5,409,1388,
1768704300,"2026/01/18 03:45:00",18.4,18.5,312,1485,
1768706100,"2026/01/18 04:15:00",18.5,18.5,247,1560,
1768707900,"2026/01/18 04:45:00",18.5,18.5,0,1797,
1768709700,"2026/01/18 05:15:00",18.5,18.5,453,1344,
1768711500,"2026/01/18 05:45:00",18.5,18.5,0,1808,
1768713300,"2026/01/18 06:15:00",18.5,18.5,581,1216,
1768715100,"2026/01/18 06:45:00",18.5,18.5,0,1797,
1768716900,"2026/01/18 07:15:00",18.5,19.3,1194,613,
1768718700,"2026/01/18 07:45:00",19,19.5,1808,0,
1768720500,"2026/01/18 08:15:00",19.9,19.5,485,1312,
1768722300,"2026/01/18 08:45:00",20,19.5,0,1796,
1768724100,"2026/01/18 09:15:00",20,19.5,0,1797,
1768725900,"2026/01/18 09:45:00",20,19.5,0,1808,
1768727700,"2026/01/18 10:15:00",20.1,19.5,0,1796,
1768729500,"2026/01/18 10:45:00",20.3,19.5,0,1797,
1768731300,"2026/01/18 11:15:00",20.4,19.5,0,1808,
1768733100,"2026/01/18 11:45:00",20.5,19.5,0,1796,
1768734900,"2026/01/18 12:15:00",20.7,19.5,0,1797,
1768736700,"2026/01/18 12:45:00",20.7,19.5,0,1808,
1768738500,"2026/01/18 13:15:00",20.7,19.5,0,1796,
1768740300,"2026/01/18 13:45:00",20.7,19.5,0,1797,
1768742100,"2026/01/18 14:15:00",20.6,19.5,0,1808,
1768743900,"2026/01/18 14:45:00",20.5,19.5,0,1796,
1768745700,"2026/01/18 15:15:00",20.4,19.5,0,1797,
1768747500,"2026/01/18 15:45:00",20.2,19.5,0,1797,
1768749300,"2026/01/18 16:15:00",20,19.5,0,1807,
1768751100,"2026/01/18 16:45:00",19.8,19.5,0,1797,
1768752900,"2026/01/18 17:15:00",19.7,19.5,0,1797,
1768754700,"2026/01/18 17:45:00",19.6,19.5,0,1806,
1768756500,"2026/01/18 18:15:00",19.5,19.5,387,1410,
1768758300,"2026/01/18 18:45:00",19.5,19.5,389,1408,
1768760100,"2026/01/18 19:15:00",19.5,19.5,0,1807,
1768761900,"2026/01/18 19:45:00",19.5,19.5,172,1625,
1768763700,"2026/01/18 20:15:00",19.5,19.5,603,1194,
1768765500,"2026/01/18 20:45:00",19.6,19.5,0,1797,
1768767300,"2026/01/18 21:15:00",19.5,19.5,0,1807,
1768769100,"2026/01/18 21:45:00",19.5,19.5,0,1797,
1768770900,"2026/01/18 22:15:00",19.4,18.5,194,1570,
1768772700,"2026/01/18 22:45:00",19.3,18.5,0,1797,
1768774500,"2026/01/18 23:15:00",19.2,18.5,0,1808,
1768776300,"2026/01/18 23:45:00",19,18.5,0,1796,
1768778100,"2026/01/19 00:15:00",18.9,18.5,0,1797,
1768779900,"2026/01/19 00:45:00",18.8,18.5,0,1808,
1768781700,"2026/01/19 01:15:00",18.7,18.5,0,1796,
1768783500,"2026/01/19 01:45:00",18.7,18.5,0,1797,
1768785300,"2026/01/19 02:15:00",18.6,18.5,0,1808,
1768787100,"2026/01/19 02:45:00",18.5,18.5,0,1796,
1768788900,"2026/01/19 03:15:00",18.5,18.5,0,1797,
1768790700,"2026/01/19 03:45:00",18.4,18.5,775,1022,
1768792500,"2026/01/19 04:15:00",18.5,18.5,0,1807,
1768794300,"2026/01/19 04:45:00",18.5,18.5,386,1411,
1768796100,"2026/01/19 05:15:00",18.5,18.5,0,1797,
1768797900,"2026/01/19 05:45:00",18.5,18.5,387,1420,
1768799700,"2026/01/19 06:15:00",18.5,18.5,0,1797,
1768801500,"2026/01/19 06:45:00",18.4,18.5,108,1689,
1768803300,"2026/01/19 07:15:00",18.5,19.5,1797,0,
1768805100,"2026/01/19 07:45:00",19.3,19.5,1796,0,
1768806900,"2026/01/19 08:15:00",19.9,19.5,43,1765,
1768808700,"2026/01/19 08:45:00",20,19.5,0,1797,
1768810500,"2026/01/19 09:15:00",20,19.5,0,1796,
1768812300,"2026/01/19 09:45:00",20,19.5,0,1808,
1768814100,"2026/01/19 10:15:00",20,19.5,0,1797,
1768815900,"2026/01/19 10:45:00",20.1,19.5,0,1796,
1768817700,"2026/01/19 11:15:00",20.2,19.5,0,1797,
1768819500,"2026/01/19 11:45:00",20.3,19.5,0,1808,
1768821300,"2026/01/19 12:15:00",20.4,19.5,0,1796,
1768823100,"2026/01/19 12:45:00",20.4,19.5,0,1797,
1768824900,"2026/01/19 13:15:00",20.4,19.5,0,1808,
1768826700,"2026/01/19 13:45:00",20.4,19.5,0,1796,
1768828500,"2026/01/19 14:15:00",20.3,19.5,0,1797,
1768830300,"2026/01/19 14:45:00",20.2,19.5,0,1808,
1768832100,"2026/01/19 15:15:00",20.1,19.5,0,1796,
1768833900,"2026/01/19 15:45:00",19.9,19.5,0,1797,
1768835700,"2026/01/19 16:15:00",19.6,19.5,0,1808,
1768837500,"2026/01/19 16:45:00",19.5,19.5,323,1473,
1768839300,"2026/01/19 17:15:00",19.4,19.5,516,1281,
1768841100,"2026/01/19 17:45:00",19.5,19.5,0,1797,
1768842900,"2026/01/19 18:15:00",19.4,19.5,644,1163,
1768844700,"2026/01/19 18:45:00",19.5,19.5,258,1539,
1768846500,"2026/01/19 19:15:00",19.5,19.5,0,1797,
1768848300,"2026/01/19 19:45:00",19.5,19.5,451,1356,
1768850100,"2026/01/19 20:15:00",19.5,19.5,388,1409,
1768851900,"2026/01/19 20:45:00",19.5,19.5,0,1797,
1768853700,"2026/01/19 21:15:00",19.5,19.5,279,1528,
1768855500,"2026/01/19 21:45:00",19.5,19.5,441,1356,
1768857300,"2026/01/19 22:15:00",19.5,18.8,247,1582,
1768859100,"2026/01/19 22:45:00",19.4,18.5,0,1797,
1768860900,"2026/01/19 23:15:00",19.2,18.5,0,1807,
1768862700,"2026/01/19 23:45:00",19,18.5,0,1797,
1768864500,"2026/01/20 00:15:00",18.9,18.5,0,1797,
1768866300,"2026/01/20 00:45:00",18.8,18.5,0,1807,
1768868100,"2026/01/20 01:15:00",18.7,18.5,0,1797,
1768869900,"2026/01/20 01:45:00",18.6,18.5,0,1797,
1768871700,"2026/01/20 02:15:00",18.5,18.5,290,1507,
1768873500,"2026/01/20 02:45:00",18.4,18.5,259,1548,
1768875300,"2026/01/20 03:15:00",18.4,18.5,248,1549,
1768877100,"2026/01/20 03:45:00",18.5,18.5,430,1367,
1768878900,"2026/01/20 04:15:00",18.5,18.5,452,1355,
1768880700,"2026/01/20 04:45:00",18.5,18.5,0,1797,
1768882500,"2026/01/20 05:15:00",18.5,18.5,581,1216,
1768884300,"2026/01/20 05:45:00",18.5,18.5,0,1807,
1768886100,"2026/01/20 06:15:00",18.5,18.5,516,1281,
1768887900,"2026/01/20 06:45:00",18.5,18.5,0,1797,
1768889700,"2026/01/20 07:15:00",18.6,19.1,1603,613,
1768891500,"2026/01/20 07:45:00",19,18.5,0,1797,
1768893300,"2026/01/20 08:15:00",19.1,18.5,0,1796,
1768895100,"2026/01/20 08:45:00",19,18.5,0,1797,
1768896900,"2026/01/20 09:15:00",19.1,18.5,0,1808,
1768898700,"2026/01/20 09:45:00",19.1,18.5,0,1796,
1768900500,"2026/01/20 10:15:00",19.2,18.5,0,1797,
1768902300,"2026/01/20 10:45:00",19.3,18.5,0,1808,
1768904100,"2026/01/20 11:15:00",19.5,18.5,0,1796,
1768905900,"2026/01/20 11:45:00",19.6,18.5,0,1797,
1768907700,"2026/01/20 12:15:00",19.7,18.5,0,1808,
1768909500,"2026/01/20 12:45:00",19.8,18.5,0,1796,
1768911300,"2026/01/20 13:15:00",19.8,19.2,0,1657,
1768913100,"2026/01/20 13:45:00",19.7,19.5,0,1808,
1768914900,"2026/01/20 14:15:00",19.7,19.5,0,1797,
1768916700,"2026/01/20 14:45:00",19.6,19.5,0,1796,
1768918500,"2026/01/20 15:15:00",19.4,19.5,43,1754,
1768920300,"2026/01/20 15:45:00",19.3,19.5,603,1205,
1768922100,"2026/01/20 16:15:00",19.4,19.5,904,892,
1768923900,"2026/01/20 16:45:00",19.5,19.5,452,1345,
1768925700,"2026/01/20 17:15:00",19.5,19.5,0,1808,
1768927500,"2026/01/20 17:45:00",19.4,19.5,775,1021,
1768929300,"2026/01/20 18:15:00",19.5,19.5,322,1475,
1768931100,"2026/01/20 18:45:00",19.5,19.5,0,1808,
1768932900,"2026/01/20 19:15:00",19.4,19.5,839,957,
1768934700,"2026/01/20 19:45:00",19.5,19.5,387,1410,
1768936500,"2026/01/20 20:15:00",19.6,19.5,0,1808,
1768938300,"2026/01/20 20:45:00",19.5,19.5,483,1313,
1768940100,"2026/01/20 21:15:00",19.5,19.5,570,1227,
1768941900,"2026/01/20 21:45:00",19.5,19.5,43,1754,
1768943700,"2026/01/20 22:15:00",19.5,18.5,0,1506,
1768945500,"2026/01/20 22:45:00",19.4,18.5,0,1797,
1768947300,"2026/01/20 23:15:00",19.2,18.5,0,1807,
1768949100,"2026/01/20 23:45:00",19,18.5,0,1797,
1768950900,"2026/01/21 00:15:00",18.9,18.5,0,1797,
1768952700,"2026/01/21 00:45:00",18.7,18.5,0,1807,
1768954500,"2026/01/21 01:15:00",18.6,18.5,0,1797,
1768956300,"2026/01/21 01:45:00",18.5,18.5,0,1797,
1768958100,"2026/01/21 02:15:00",18.4,18.5,291,1506,
1768959900,"2026/01/21 02:45:00",18.5,18.5,613,1194,
1768961700,"2026/01/21 03:15:00",18.5,18.5,0,1797,
1768963500,"2026/01/21 03:45:00",18.5,18.5,0,1797,
1768965300,"2026/01/21 04:15:00",18.4,18.5,387,1420,
1768967100,"2026/01/21 04:45:00",18.4,18.5,453,1344,
1768968900,"2026/01/21 05:15:00",18.5,18.5,516,1281,
1768970700,"2026/01/21 05:45:00",18.5,18.5,259,1548,
1768972500,"2026/01/21 06:15:00",18.5,18.5,0,1797,
1768974300,"2026/01/21 06:45:00",18.4,18.5,775,1022,
1768976100,"2026/01/21 07:15:00",18.7,19.3,1194,613,
1768977900,"2026/01/21 07:45:00",19.3,19.5,1797,0,
1768979700,"2026/01/21 08:15:00",19.9,19.5,43,1764,
1768981500,"2026/01/21 08:45:00",19.8,19.5,0,1797,
1768983300,"2026/01/21 09:15:00",19.7,19.5,0,1797,
1768985100,"2026/01/21 09:45:00",19.5,19.5,0,1807,
1768986900,"2026/01/21 10:15:00",19.3,19.5,635,1162,
1768988700,"2026/01/21 10:45:00",19.6,19.5,334,1463,
1768990500,"2026/01/21 11:15:00",19.9,19.5,0,1797,
1768992300,"2026/01/21 11:45:00",20.1,19.5,0,1807,
1768994100,"2026/01/21 12:15:00",20.3,19.5,0,1797,
1768995900,"2026/01/21 12:45:00",20.3,19.5,0,1797,
1768997700,"2026/01/21 13:15:00",20.3,19.5,0,1807,
1768999500,"2026/01/21 13:45:00",20.2,19.5,0,1797,
1769001300,"2026/01/21 14:15:00",20.2,19.5,0,1797,
1769003100,"2026/01/21 14:45:00",20.1,19.5,0,1807,
1769004900,"2026/01/21 15:15:00",19.9,19.5,0,1797,
1769006700,"2026/01/21 15:45:00",19.7,19.5,0,1797,
1769008500,"2026/01/21 16:15:00",19.6,19.5,0,1807,
1769010300,"2026/01/21 16:45:00",19.3,19.5,537,1260,
1769012100,"2026/01/21 17:15:00",19.4,19.5,817,980,
1769013900,"2026/01/21 17:45:00",19.5,19.5,0,1796,
1769015700,"2026/01/21 18:15:00",19.4,19.5,129,1679,
1769017500,"2026/01/21 18:45:00",19.5,19.5,580,1217,
1769019300,"2026/01/21 19:15:00",19.5,19.5,0,1796,
1769021100,"2026/01/21 19:45:00",19.5,19.5,0,1808,
1769022900,"2026/01/21 20:15:00",19.4,19.5,711,1086,
1769024700,"2026/01/21 20:45:00",19.5,19.5,323,1473,
1769026500,"2026/01/21 21:15:00",19.5,19.5,0,1808,
1769028300,"2026/01/21 21:45:00",19.5,19.5,582,1215,
1769030100,"2026/01/21 22:15:00",19.5,18.5,0,1764,
1769031900,"2026/01/21 22:45:00",19.3,18.5,0,1797,
1769033700,"2026/01/21 23:15:00",19.1,18.5,0,2399,
1769035500,"2026/01/21 23:45:00",19,18.5,0,1205,
1769037300,"2026/01/22 00:15:00",18.8,18.5,0,1797,
1769039100,"2026/01/22 00:45:00",18.7,18.5,0,2399,
1769040900,"2026/01/22 01:15:00",18.6,18.5,0,1205,
1769042700,"2026/01/22 01:45:00",18.5,18.5,0,1797,
1769044500,"2026/01/22 02:15:00",18.4,18.5,743,1054,
1769046300,"2026/01/22 02:45:00",18.5,18.5,225,1582,
1769048100,"2026/01/22 03:15:00",18.5,18.5,0,1797,
1769049900,"2026/01/22 03:45:00",18.5,18.5,323,1474,
1769051700,"2026/01/22 04:15:00",18.4,18.5,453,1946,
1769053500,"2026/01/22 04:45:00",18.4,18.5,65,1140,
1769055300,"2026/01/22 05:15:00",18.5,18.5,387,1410,
1769057100,"2026/01/22 05:45:00",18.5,18.5,644,1755,
1769058900,"2026/01/22 06:15:00",18.5,18.5,0,1205,
1769060700,"2026/01/22 06:45:00",18.5,18.5,324,1473,
1769062500,"2026/01/22 07:15:00",18.5,19.3,1324,483,
1769064300,"2026/01/22 07:45:00",19.1,19.5,1797,0,
1769066100,"2026/01/22 08:15:00",19.8,19.5,366,1441,
1769067900,"2026/01/22 08:45:00",19.9,19.5,0,1797,
1769069700,"2026/01/22 09:15:00",19.8,19.5,0,1797,
1769071500,"2026/01/22 09:45:00",19.8,19.5,0,1807,
1769073300,"2026/01/22 10:15:00",19.8,19.5,0,1797,
1769075100,"2026/01/22 10:45:00",19.8,19.5,0,1797,
1769076900,"2026/01/22 11:15:00",19.9,19.5,0,1797,
1769078700,"2026/01/22 11:45:00",20,19.5,0,1807,
1769080500,"2026/01/22 12:15:00",20.1,19.5,0,1797,
1769082300,"2026/01/22 12:45:00",20.1,19.5,0,1797,
1769084100,"2026/01/22 13:15:00",20.1,19.5,0,1807,
1769085900,"2026/01/22 13:45:00",20,19.5,0,1797,
1769087700,"2026/01/22 14:15:00",19.9,19.5,0,1797,
1769089500,"2026/01/22 14:45:00",19.8,19.5,0,1807,
1769091300,"2026/01/22 15:15:00",19.7,19.5,0,1797,
1769093100,"2026/01/22 15:45:00",19.5,19.5,258,1539,
1769094900,"2026/01/22 16:15:00",19.3,19.5,549,1258,
1769096700,"2026/01/22 16:45:00",19.4,19.5,765,1032,
1769098500,"2026/01/22 17:15:00",19.5,19.5,559,1238,
1769100300,"2026/01/22 17:45:00",19.6,19.5,0,1796,
1769102100,"2026/01/22 18:15:00",19.6,19.5,0,1808,
1769103900,"2026/01/22 18:45:00",19.6,19.5,516,1281,
1769105700,"2026/01/22 19:15:00",19.6,19.5,323,1473,
1769107500,"2026/01/22 19:45:00",19.5,19.5,0,1808,
1769109300,"2026/01/22 20:15:00",19.4,19.5,904,893,
1769111100,"2026/01/22 20:45:00",19.6,19.5,0,1796,
1769112900,"2026/01/22 21:15:00",19.5,19.5,0,1808,
1769114700,"2026/01/22 21:45:00",19.5,19.5,323,1474,
1769116500,"2026/01/22 22:15:00",19.4,18.8,0,1829,
1769118300,"2026/01/22 22:45:00",19.3,18.5,0,1797,
1769120100,"2026/01/22 23:15:00",19.1,18.5,0,1807,
1769121900,"2026/01/22 23:45:00",18.9,18.5,0,1797,
1769123700,"2026/01/23 00:15:00",18.8,18.5,0,1797,
1769125500,"2026/01/23 00:45:00",18.7,18.5,0,1807,
1769127300,"2026/01/23 01:15:00",18.6,18.5,0,1797,
1769129100,"2026/01/23 01:45:00",18.5,18.5,0,1797,
1769130900,"2026/01/23 02:15:00",18.4,18.5,775,1021,
1769132700,"2026/01/23 02:45:00",18.5,18.5,0,1808,
1769134500,"2026/01/23 03:15:00",18.5,18.5,387,1410,
1769136300,"2026/01/23 03:45:00",18.5,18.5,258,1538,
1769138100,"2026/01/23 04:15:00",18.5,18.5,453,1355,
1769139900,"2026/01/23 04:45:00",18.5,18.5,324,1473,
1769141700,"2026/01/23 05:15:00",18.5,18.5,0,1796,
1769143500,"2026/01/23 05:45:00",18.4,18.5,312,1496,
1769145300,"2026/01/23 06:15:00",18.5,18.5,527,1270,
1769147100,"2026/01/23 06:45:00",18.6,18.3,0,1796,
1769148900,"2026/01/23 07:15:00",18.5,19.3,1194,603,
1769150700,"2026/01/23 07:45:00",19,19.5,1797,0,
1769152500,"2026/01/23 08:15:00",19.7,19.5,430,1377,
1769154300,"2026/01/23 08:45:00",19.8,19.5,0,1797,
1769156100,"2026/01/23 09:15:00",19.7,19.5,0,1797,
1769157900,"2026/01/23 09:45:00",19.5,19.5,194,1613,
1769159700,"2026/01/23 10:15:00",19.4,19.5,118,1679,
1769161500,"2026/01/23 10:45:00",19.4,19.5,849,947,
1769163300,"2026/01/23 11:15:00",19.5,19.5,388,1409,
1769165100,"2026/01/23 11:45:00",19.4,19.5,0,1807,
1769166900,"2026/01/23 12:15:00",19.4,19.5,1096,701,
1769168700,"2026/01/23 12:45:00",19.6,19.5,0,1797,
1769170500,"2026/01/23 13:15:00",19.5,19.5,323,1484,
1769172300,"2026/01/23 13:45:00",19.5,19.5,258,1539,
1769174100,"2026/01/23 14:15:00",19.4,19.5,893,904,
1769175900,"2026/01/23 14:45:00",19.5,19.5,332,1475,
1769177700,"2026/01/23 15:15:00",19.5,19.5,0,1797,
1769179500,"2026/01/23 15:45:00",19.5,19.5,484,1313,
1769181300,"2026/01/23 16:15:00",19.5,19.5,548,1259,
1769183100,"2026/01/23 16:45:00",19.5,19.5,215,1582,
1769184900,"2026/01/23 17:15:00",19.5,19.5,247,1550,
1769186700,"2026/01/23 17:45:00",19.5,19.5,311,1485,
1769188500,"2026/01/23 18:15:00",19.5,19.5,453,1355,
1769190300,"2026/01/23 18:45:00",19.5,19.5,582,1215,
1769192100,"2026/01/23 19:15:00",19.5,19.5,388,1408,
1769193900,"2026/01/23 19:45:00",19.5,19.5,451,1357,
1769195700,"2026/01/23 20:15:00",19.5,19.5,323,1474,
1769197500,"2026/01/23 20:45:00",19.5,19.5,388,1408,
1769199300,"2026/01/23 21:15:00",19.5,19.5,453,1355,
1769201100,"2026/01/23 21:45:00",19.5,19.5,388,1409,
1769202900,"2026/01/23 22:15:00",19.5,18.5,0,1764,
1769204700,"2026/01/23 22:45:00",19.4,18.5,0,1797,
1769206500,"2026/01/23 23:15:00",19.2,18.5,0,2400,
1769208300,"2026/01/23 23:45:00",19.1,18.5,0,1205,
1769210100,"2026/01/24 00:15:00",18.9,18.5,0,1797,
1769211900,"2026/01/24 00:45:00",18.8,18.5,0,2399,
1769213700,"2026/01/24 01:15:00",18.7,18.5,0,1205,
1769215500,"2026/01/24 01:45:00",18.6,18.5,0,1797,
1769217300,"2026/01/24 02:15:00",18.5,18.5,389,1408,
1769219100,"2026/01/24 02:45:00",18.5,18.5,290,1517,
1769220900,"2026/01/24 03:15:00",18.5,18.5,248,1549,
1769222700,"2026/01/24 03:45:00",18.5,18.5,365,1432,
1769224500,"2026/01/24 04:15:00",18.5,18.5,473,1926,
1769226300,"2026/01/24 04:45:00",18.6,18.5,236,969,
1769228100,"2026/01/24 05:15:00",18.6,18.5,0,1797,
1769229900,"2026/01/24 05:45:00",18.5,18.5,64,2335,
1769231700,"2026/01/24 06:15:00",18.5,18.5,516,689,
1769233500,"2026/01/24 06:45:00",18.5,18.5,0,1797,
1769235300,"2026/01/24 07:15:00",18.5,19.3,1194,613,
1769237100,"2026/01/24 07:45:00",19,19.5,1797,0,
1769238900,"2026/01/24 08:15:00",19.8,19.5,624,1183,
1769240700,"2026/01/24 08:45:00",19.9,19.5,0,1797,
1769242500,"2026/01/24 09:15:00",19.8,19.5,0,1797,
1769244300,"2026/01/24 09:45:00",19.6,19.5,0,1807,
1769246100,"2026/01/24 10:15:00",19.4,19.5,311,1486,
1769247900,"2026/01/24 10:45:00",19.4,19.5,506,1291,
1769249700,"2026/01/24 11:15:00",19.5,19.5,602,1195,
1769251500,"2026/01/24 11:45:00",19.5,19.5,0,1807,
1769253300,"2026/01/24 12:15:00",19.4,19.5,0,1797,
1769255100,"2026/01/24 12:45:00",19.4,19.5,839,958,
1769256900,"2026/01/24 13:15:00",19.5,19.5,0,1807,
1769258700,"2026/01/24 13:45:00",19.5,19.5,387,1410,
1769260500,"2026/01/24 14:15:00",19.5,19.5,323,1474,
1769262300,"2026/01/24 14:45:00",19.4,19.5,581,1226,
1769264100,"2026/01/24 15:15:00",19.5,19.5,452,1345,
1769265900,"2026/01/24 15:45:00",19.5,19.5,452,1345,
1769267700,"2026/01/24 16:15:00",19.5,19.5,323,1484,
1769269500,"2026/01/24 16:45:00",19.5,19.5,473,1324,
1769271300,"2026/01/24 17:15:00",19.5,19.5,377,1420,
1769273100,"2026/01/24 17:45:00",19.6,19.5,183,1613,
1769274900,"2026/01/24 18:15:00",19.6,19.5,0,1808,
1769276700,"2026/01/24 18:45:00",19.5,19.5,0,1797,
1769278500,"2026/01/24 19:15:00",19.4,19.5,775,1021,
1769280300,"2026/01/24 19:45:00",19.5,19.5,387,1421,
1769282100,"2026/01/24 20:15:00",19.5,19.5,0,1797,
1769283900,"2026/01/24 20:45:00",19.5,19.5,453,1343,
1769285700,"2026/01/24 21:15:00",19.5,19.5,0,1808,
1769287500,"2026/01/24 21:45:00",19.4,19.6,1173,753,
1769289300,"2026/01/24 22:15:00",19.6,19.5,365,1431,
1769291100,"2026/01/24 22:45:00",19.7,19.5,0,1797,
1769292900,"2026/01/24 23:15:00",19.6,19.5,0,1797,
1769294700,"2026/01/24 23:45:00",19.4,19.5,0,1806,
1769296500,"2026/01/25 00:15:00",19.3,19.5,527,1270,
1769298300,"2026/01/25 00:45:00",19.3,19.5,711,1086,
1769300100,"2026/01/25 01:15:00",19.4,19.5,451,1356,
1769301900,"2026/01/25 01:45:00",19.5,19.5,0,1797,
1769303700,"2026/01/25 02:15:00",19.4,19.5,753,1044,
1769305500,"2026/01/25 02:45:00",19.6,19.5,280,1527,
1769307300,"2026/01/25 03:15:00",19.6,19.5,0,1797,
1769309100,"2026/01/25 03:45:00",19.5,19.5,344,1453,
1769310900,"2026/01/25 04:15:00",19.4,19.5,311,1486,
1769312700,"2026/01/25 04:45:00",19.4,18.8,376,1765,
1769314500,"2026/01/25 05:15:00",19.4,18.5,0,1796,
1769316300,"2026/01/25 05:45:00",19.3,18.5,0,1808,
1769318100,"2026/01/25 06:15:00",19.2,18.5,0,1797,
1769319900,"2026/01/25 06:45:00",19,19.5,1173,591,
1769321700,"2026/01/25 07:15:00",19.4,19.5,581,1216,
1769323500,"2026/01/25 07:45:00",19.6,19.5,0,1807,
1769325300,"2026/01/25 08:15:00",19.5,19.5,0,1797,
1769327100,"2026/01/25 08:45:00",19.4,19.5,636,1161,
1769328900,"2026/01/25 09:15:00",19.5,19.5,204,1603,
1769330700,"2026/01/25 09:45:00",19.6,19.5,0,1797,
1769332500,"2026/01/25 10:15:00",19.4,19.5,226,1571,
1769334300,"2026/01/25 10:45:00",19.5,19.5,764,1033,
1769336100,"2026/01/25 11:15:00",19.6,19.5,171,1636,
1769337900,"2026/01/25 11:45:00",19.5,19.5,0,1797,
1769339700,"2026/01/25 12:15:00",19.5,19.5,581,1216,
1769341500,"2026/01/25 12:45:00",19.5,19.5,453,1354,
1769343300,"2026/01/25 13:15:00",19.5,19.5,0,1797,
1769345100,"2026/01/25 13:45:00",19.5,19.5,323,1474,
1769346900,"2026/01/25 14:15:00",19.5,19.5,323,1484,
1769348700,"2026/01/25 14:45:00",19.4,19.5,839,958,
1769350500,"2026/01/25 15:15:00",19.5,19.5,388,1409,
1769352300,"2026/01/25 15:45:00",19.6,19.5,0,1807,
1769354100,"2026/01/25 16:15:00",19.6,19.5,259,1538,
1769355900,"2026/01/25 16:45:00",19.5,19.5,323,1474,
1769357700,"2026/01/25 17:15:00",19.5,19.5,248,1548,
1769359500,"2026/01/25 17:45:00",19.5,19.5,453,1355,
1769361300,"2026/01/25 18:15:00",19.5,19.5,269,1528,
1769363100,"2026/01/25 18:45:00",19.5,19.5,0,1796,
1769364900,"2026/01/25 19:15:00",19.5,19.5,839,969,
1769366700,"2026/01/25 19:45:00",19.7,19.5,0,1797,
1769368500,"2026/01/25 20:15:00",19.7,19.5,0,1796,
1769370300,"2026/01/25 20:45:00",19.6,19.5,0,1808,
1769372100,"2026/01/25 21:15:00",19.5,19.5,322,1475,
1769373900,"2026/01/25 21:45:00",19.4,19.5,451,1345,
1769375700,"2026/01/25 22:15:00",19.5,18.5,0,1399,
1769377500,"2026/01/25 22:45:00",19.3,18.5,0,1797,
1769379300,"2026/01/25 23:15:00",19.2,18.5,0,1807,
1769381100,"2026/01/25 23:45:00",19.1,18.5,0,1797,
1769382900,"2026/01/26 00:15:00",19,18.5,0,1797,
1769384700,"2026/01/26 00:45:00",18.9,18.5,0,1807,
1769386500,"2026/01/26 01:15:00",18.8,18.5,0,1797,
1769388300,"2026/01/26 01:45:00",18.7,18.5,0,1797,
1769390100,"2026/01/26 02:15:00",18.6,18.5,0,1797,
1769391900,"2026/01/26 02:45:00",18.5,18.5,0,1807,
1769393700,"2026/01/26 03:15:00",18.5,18.5,280,1517,
1769395500,"2026/01/26 03:45:00",18.5,18.5,183,1614,
1769397300,"2026/01/26 04:15:00",18.5,18.5,257,1550,
1769399100,"2026/01/26 04:45:00",18.5,18.5,377,1420,
1769400900,"2026/01/26 05:15:00",18.5,18.5,258,1539,
1769402700,"2026/01/26 05:45:00",18.5,18.5,258,1549,
1769404500,"2026/01/26 06:15:00",18.5,18.5,0,1797,
1769406300,"2026/01/26 06:45:00",18.5,18.5,646,1151,
1769408100,"2026/01/26 07:15:00",18.6,19.3,1194,613,
1769409900,"2026/01/26 07:45:00",19.2,19.5,1797,0,
1769411700,"2026/01/26 08:15:00",19.8,19.5,237,1570,
1769413500,"2026/01/26 08:45:00",19.9,19.5,0,1797,
1769415300,"2026/01/26 09:15:00",19.8,19.5,0,1797,
1769417100,"2026/01/26 09:45:00",19.7,19.5,0,1807,
1769418900,"2026/01/26 10:15:00",19.8,19.5,0,1797,
1769420700,"2026/01/26 10:45:00",19.7,19.5,0,1797,
1769422500,"2026/01/26 11:15:00",19.5,19.5,356,1441,
1769424300,"2026/01/26 11:45:00",19.4,19.5,452,1355,
1769426100,"2026/01/26 12:15:00",19.4,19.5,312,1485,
1769427900,"2026/01/26 12:45:00",19.5,19.5,301,1496,
1769429700,"2026/01/26 13:15:00",19.5,19.5,387,1420,
1769431500,"2026/01/26 13:45:00",19.5,19.5,0,1797,
1769433300,"2026/01/26 14:15:00",19.4,19.5,776,1021,
1769435100,"2026/01/26 14:45:00",19.6,19.5,258,1549,
1769436900,"2026/01/26 15:15:00",19.5,19.5,0,1797,
1769438700,"2026/01/26 15:45:00",19.5,19.5,581,1216,
1769440500,"2026/01/26 16:15:00",19.5,19.5,0,1807,
1769442300,"2026/01/26 16:45:00",19.4,19.5,796,1001,
1769444100,"2026/01/26 17:15:00",19.5,19.5,43,1754,
1769445900,"2026/01/26 17:45:00",19.5,19.5,516,1280,
1769447700,"2026/01/26 18:15:00",19.6,19.5,66,1742,
1769449500,"2026/01/26 18:45:00",19.5,19.5,247,1550,
1769451300,"2026/01/26 19:15:00",19.5,19.5,182,1614,
1769453100,"2026/01/26 19:45:00",19.5,19.5,280,1528,
1769454900,"2026/01/26 20:15:00",19.5,19.5,323,1474,
1769456700,"2026/01/26 20:45:00",19.5,19.5,387,1409,
1769458500,"2026/01/26 21:15:00",19.5,19.5,0,1808,
1769460300,"2026/01/26 21:45:00",19.5,19.5,774,1023,
1769462100,"2026/01/26 22:15:00",19.5,18.5,0,1764,
1769463900,"2026/01/26 22:45:00",19.4,18.5,0,1797,
1769465700,"2026/01/26 23:15:00",19.4,18.5,0,1807,
1769467500,"2026/01/26 23:45:00",19.2,18.5,0,1797,
1769469300,"2026/01/27 00:15:00",19.1,18.5,0,1797,
1769471100,"2026/01/27 00:45:00",19,18.5,0,1807,
1769472900,"2026/01/27 01:15:00",18.9,18.5,0,1797,
1769474700,"2026/01/27 01:45:00",18.8,18.5,0,1797,
1769476500,"2026/01/27 02:15:00",18.7,18.5,0,1797,
1769478300,"2026/01/27 02:45:00",18.7,18.5,0,1807,
1769480100,"2026/01/27 03:15:00",18.6,18.5,0,1797,
1769481900,"2026/01/27 03:45:00",18.5,18.5,0,1797,
1769483700,"2026/01/27 04:15:00",18.4,18.5,75,1732,
1769485500,"2026/01/27 04:45:00",18.4,18.5,570,1227,
1769487300,"2026/01/27 05:15:00",18.5,18.5,388,1409,
1769489100,"2026/01/27 05:45:00",18.5,18.5,0,1807,
1769490900,"2026/01/27 06:15:00",18.5,18.5,322,1475,
1769492700,"2026/01/27 06:45:00",18.5,18.5,0,1797,
1769494500,"2026/01/27 07:15:00",18.4,19.3,1194,613,
1769496300,"2026/01/27 07:45:00",19,19.5,1797,0,
1769498100,"2026/01/27 08:15:00",19.8,19.5,625,1182,
1769499900,"2026/01/27 08:45:00",19.9,19.5,0,1797,
1769501700,"2026/01/27 09:15:00",19.8,19.5,0,1797,
1769503500,"2026/01/27 09:45:00",19.7,19.5,0,1807,
1769505300,"2026/01/27 10:15:00",19.5,19.5,119,1678,
1769507100,"2026/01/27 10:45:00",19.4,19.5,268,1529,
1769508900,"2026/01/27 11:15:00",19.4,19.5,451,1346,
1769510700,"2026/01/27 11:45:00",19.5,19.5,516,1291,
1769512500,"2026/01/27 12:15:00",19.5,19.5,258,1539,
1769514300,"2026/01/27 12:45:00",19.5,19.5,388,1409,
1769516100,"2026/01/27 13:15:00",19.5,19.5,388,1419,
1769517900,"2026/01/27 13:45:00",19.5,19.5,0,1797,
1769519700,"2026/01/27 14:15:00",19.4,19.5,710,1087,
1769521500,"2026/01/27 14:45:00",19.5,19.5,323,1484,
1769523300,"2026/01/27 15:15:00",19.5,19.5,0,1797,
1769525100,"2026/01/27 15:45:00",19.4,19.5,548,1249,
1769526900,"2026/01/27 16:15:00",19.6,19.5,226,1581,
1769528700,"2026/01/27 16:45:00",19.5,19.5,280,1517,
1769530500,"2026/01/27 17:15:00",19.5,19.5,237,1560,
1769532300,"2026/01/27 17:45:00",19.5,19.5,0,1796,
1769534100,"2026/01/27 18:15:00",19.5,19.5,840,968,
1769535900,"2026/01/27 18:45:00",19.5,19.5,0,1797,
1769537700,"2026/01/27 19:15:00",19.5,19.5,0,1796,
1769539500,"2026/01/27 19:45:00",19.4,19.5,452,1356,
1769541300,"2026/01/27 20:15:00",19.5,19.5,323,1474,
1769543100,"2026/01/27 20:45:00",19.5,19.5,0,1796,
1769544900,"2026/01/27 21:15:00",19.5,19.5,452,1356,
1769546700,"2026/01/27 21:45:00",19.5,19.5,0,1797,
1769548500,"2026/01/27 22:15:00",19.5,18.8,0,1829,
1769550300,"2026/01/27 22:45:00",19.4,18.5,0,1797,
1769552100,"2026/01/27 23:15:00",19.2,18.5,0,1807,
1769553900,"2026/01/27 23:45:00",19.1,18.5,0,1797,
1769555700,"2026/01/28 00:15:00",18.9,18.5,0,1797,
1769557500,"2026/01/28 00:45:00",18.8,18.5,0,1807,
1769559300,"2026/01/28 01:15:00",18.7,18.5,0,1797,
1769561100,"2026/01/28 01:45:00",18.7,18.5,0,1797,
1769562900,"2026/01/28 02:15:00",18.6,18.5,0,1796,
1769564700,"2026/01/28 02:45:00",18.5,18.5,0,1808,
1769566500,"2026/01/28 03:15:00",18.4,18.5,389,1408,
1769568300,"2026/01/28 03:45:00",18.4,18.5,269,1527,
1769570100,"2026/01/28 04:15:00",18.5,18.5,322,1486,
1769571900,"2026/01/28 04:45:00",18.5,18.5,183,1614,
1769573700,"2026/01/28 05:15:00",18.5,18.5,322,1474,
1769575500,"2026/01/28 05:45:00",18.5,18.5,0,1808,
1769577300,"2026/01/28 06:15:00",18.5,18.5,452,1345,
1769579100,"2026/01/28 06:45:00",18.5,18.5,323,1473,
1769580900,"2026/01/28 07:15:00",18.5,19.3,1194,614,
1769582700,"2026/01/28 07:45:00",19.1,19.5,1797,0,
1769584500,"2026/01/28 08:15:00",19.8,19.5,300,1507,
1769586300,"2026/01/28 08:45:00",19.9,19.5,0,1797,
1769588100,"2026/01/28 09:15:00",19.8,19.5,0,1797,
1769589900,"2026/01/28 09:45:00",19.7,19.5,0,1807,
1769591700,"2026/01/28 10:15:00",19.5,19.5,0,1797,
1769593500,"2026/01/28 10:45:00",19.3,19.5,431,1366,
1769595300,"2026/01/28 11:15:00",19.4,19.5,796,1000,
1769597100,"2026/01/28 11:45:00",19.6,19.5,0,1808,
1769598900,"2026/01/28 12:15:00",19.5,19.5,0,1797,
1769600700,"2026/01/28 12:45:00",19.4,19.5,0,1796,
1769602500,"2026/01/28 13:15:00",19.4,19.5,1290,518,
1769604300,"2026/01/28 13:45:00",19.6,19.5,0,1797,
1769606100,"2026/01/28 14:15:00",19.6,19.5,0,1796,
1769607900,"2026/01/28 14:45:00",19.5,19.5,580,1228,
1769609700,"2026/01/28 15:15:00",19.6,19.5,0,1797,
1769611500,"2026/01/28 15:45:00",19.5,19.5,774,1022,
1769613300,"2026/01/28 16:15:00",19.6,19.5,0,1808,
1769615100,"2026/01/28 16:45:00",19.5,19.5,517,1280,
1769616900,"2026/01/28 17:15:00",19.5,19.5,0,1796,
1769618700,"2026/01/28 17:45:00",19.4,19.5,451,1346,
1769620500,"2026/01/28 18:15:00",19.5,19.5,323,1485,
1769622300,"2026/01/28 18:45:00",19.5,19.5,183,1613,
1769624100,"2026/01/28 19:15:00",19.5,19.5,312,1485,
1769625900,"2026/01/28 19:45:00",19.5,19.5,345,1463,
1769627700,"2026/01/28 20:15:00",19.5,19.5,323,1473,
1769629500,"2026/01/28 20:45:00",19.5,19.5,388,1409,
1769631300,"2026/01/28 21:15:00",19.6,19.5,0,1808,
1769633100,"2026/01/28 21:45:00",19.5,19.5,0,1796,
1769634900,"2026/01/28 22:15:00",19.3,18.5,0,1765,
1769636700,"2026/01/28 22:45:00",19.1,18.5,0,1797,
1769638500,"2026/01/28 23:15:00",19,18.5,0,1807,
1769640300,"2026/01/28 23:45:00",18.9,18.5,0,1797,
1769642100,"2026/01/29 00:15:00",18.8,18.5,0,1797,
1769643900,"2026/01/29 00:45:00",18.7,18.5,0,1807,
1769645700,"2026/01/29 01:15:00",18.6,18.5,0,1797,
1769647500,"2026/01/29 01:45:00",18.5,18.5,0,1797,
1769649300,"2026/01/29 02:15:00",18.5,18.5,323,1473,
1769651100,"2026/01/29 02:45:00",18.4,18.5,452,1356,
1769652900,"2026/01/29 03:15:00",18.5,18.5,452,1344,
1769654700,"2026/01/29 03:45:00",18.5,18.5,0,1796,
1769656500,"2026/01/29 04:15:00",18.5,18.5,516,1292,
1769658300,"2026/01/29 04:45:00",18.5,18.5,0,1797,
1769660100,"2026/01/29 05:15:00",18.5,18.5,312,1484,
1769661900,"2026/01/29 05:45:00",18.5,18.5,11,1797,
1769663700,"2026/01/29 06:15:00",18.4,18.5,43,1754,
1769665500,"2026/01/29 06:45:00",18.5,18.5,731,1065,
1769667300,"2026/01/29 07:15:00",18.6,19.3,1194,614,
1769669100,"2026/01/29 07:45:00",19.2,19.5,1797,0,
1769670900,"2026/01/29 08:15:00",19.8,19.5,301,1506,
1769672700,"2026/01/29 08:45:00",19.9,19.5,0,1797,
1769674500,"2026/01/29 09:15:00",19.8,19.5,0,1797,
1769676300,"2026/01/29 09:45:00",19.5,19.5,0,1807,
1769678100,"2026/01/29 10:15:00",19.4,19.5,506,1291,
1769679900,"2026/01/29 10:45:00",19.4,19.5,528,1269,
1769681700,"2026/01/29 11:15:00",19.5,19.5,226,1570,
1769683500,"2026/01/29 11:45:00",19.4,19.5,258,1550,
1769685300,"2026/01/29 12:15:00",19.5,19.5,291,1506,
1769687100,"2026/01/29 12:45:00",19.5,19.5,451,1345,
1769688900,"2026/01/29 13:15:00",19.5,19.5,453,1355,
1769690700,"2026/01/29 13:45:00",19.5,19.5,451,1346,
1769692500,"2026/01/29 14:15:00",19.5,19.5,0,1796,
1769694300,"2026/01/29 14:45:00",19.4,19.5,904,904,
1769696100,"2026/01/29 15:15:00",19.6,19.5,0,1797,
1769697900,"2026/01/29 15:45:00",19.6,19.5,451,1345,
1769699700,"2026/01/29 16:15:00",19.6,19.5,0,1808,
1769701500,"2026/01/29 16:45:00",19.4,19.5,667,1130,
1769703300,"2026/01/29 17:15:00",19.5,19.5,494,1302,
1769705100,"2026/01/29 17:45:00",19.5,19.5,0,1797,
1769706900,"2026/01/29 18:15:00",19.6,19.5,258,1550,
1769708700,"2026/01/29 18:45:00",19.5,19.5,193,1603,
1769710500,"2026/01/29 19:15:00",19.5,19.5,0,1797,
1769712300,"2026/01/29 19:45:00",19.5,19.5,323,1485,
1769714100,"2026/01/29 20:15:00",19.5,19.5,322,1474,
1769715900,"2026/01/29 20:45:00",19.5,19.5,453,1344,
1769717700,"2026/01/29 21:15:00",19.5,19.5,322,1486,
1769719500,"2026/01/29 21:45:00",19.5,19.5,0,1796,
1769721300,"2026/01/29 22:15:00",19.4,18.8,0,1829,
1769723100,"2026/01/29 22:45:00",19.3,18.5,0,1797,
1769724900,"2026/01/29 23:15:00",19.1,18.5,0,1808,
1769726700,"2026/01/29 23:45:00",18.9,18.5,0,1796,
1769728500,"2026/01/30 00:15:00",18.8,18.5,0,1798,
1769730300,"2026/01/30 00:45:00",18.7,18.5,0,1808,
1769732100,"2026/01/30 01:15:00",18.7,18.5,0,1796,
1769733900,"2026/01/30 01:45:00",18.6,18.5,0,1797,
1769735700,"2026/01/30 02:15:00",18.5,18.5,0,1797,
1769737500,"2026/01/30 02:45:00",18.4,18.5,451,1356,
1769739300,"2026/01/30 03:15:00",18.5,18.5,517,1280,
1769741100,"2026/01/30 03:45:00",18.5,18.5,0,1797,
1769742900,"2026/01/30 04:15:00",18.5,18.5,517,1290,
1769744700,"2026/01/30 04:45:00",18.5,18.5,0,1797,
1769746500,"2026/01/30 05:15:00",18.5,18.5,257,1540,
1769748300,"2026/01/30 05:45:00",18.5,18.5,323,1484,
1769750100,"2026/01/30 06:15:00",18.5,18.5,451,1346,
1769751900,"2026/01/30 06:45:00",18.5,18.5,324,1473,
1769753700,"2026/01/30 07:15:00",18.6,19.3,1194,613,
1769755500,"2026/01/30 07:45:00",19.1,19.5,1797,0,
1769757300,"2026/01/30 08:15:00",19.8,19.5,237,1571,
1769759100,"2026/01/30 08:45:00",19.9,19.5,0,1796,
1769760900,"2026/01/30 09:15:00",19.7,19.5,0,1797,
1769762700,"2026/01/30 09:45:00",19.6,19.5,0,1808,
1769764500,"2026/01/30 10:15:00",19.4,19.5,451,1345,
1769766300,"2026/01/30 10:45:00",19.4,19.5,365,1432,
1769768100,"2026/01/30 11:15:00",19.5,19.5,216,1581,
1769769900,"2026/01/30 11:45:00",19.4,19.5,97,1710,
1769771700,"2026/01/30 12:15:00",19.4,19.5,485,1312,
1769773500,"2026/01/30 12:45:00",19.5,19.5,387,1410,
1769775300,"2026/01/30 13:15:00",19.5,19.5,0,1806,
1769777100,"2026/01/30 13:45:00",19.4,19.5,1097,700,
1769778900,"2026/01/30 14:15:00",19.6,19.5,0,1797,
1769780700,"2026/01/30 14:45:00",19.5,19.5,0,1807,
1769782500,"2026/01/30 15:15:00",19.4,19.5,324,1473,
1769784300,"2026/01/30 15:45:00",19.4,19.5,937,860,
1769786100,"2026/01/30 16:15:00",19.6,19.5,98,1709,
1769787900,"2026/01/30 16:45:00",19.6,19.5,0,1797,
1769789700,"2026/01/30 17:15:00",19.5,19.5,527,1270,
1769791500,"2026/01/30 17:45:00",19.5,19.5,442,1355,
1769793300,"2026/01/30 18:15:00",19.5,19.5,259,1548,
1769795100,"2026/01/30 18:45:00",19.5,19.5,118,1679,
1769796900,"2026/01/30 19:15:00",19.5,19.5,333,1464,
1769798700,"2026/01/30 19:45:00",19.5,19.5,452,1355,
1769800500,"2026/01/30 20:15:00",19.5,19.5,388,1409,
1769802300,"2026/01/30 20:45:00",19.6,19.5,387,1410,
1769804100,"2026/01/30 21:15:00",19.5,19.5,0,1807,
1769805900,"2026/01/30 21:45:00",19.5,19.5,451,1346,
1769807700,"2026/01/30 22:15:00",19.5,18.5,0,1764,
1769809500,"2026/01/30 22:45:00",19.5,18.5,0,1797,
1769811300,"2026/01/30 23:15:00",19.3,18.5,0,1808,
1769813100,"2026/01/30 23:45:00",19.1,18.5,0,1796,
1769814900,"2026/01/31 00:15:00",18.9,18.5,0,1797,
1769816700,"2026/01/31 00:45:00",18.8,18.5,0,1808,
1769818500,"2026/01/31 01:15:00",18.7,18.5,0,1797,
1769820300,"2026/01/31 01:45:00",18.6,18.5,0,1797,
1769822100,"2026/01/31 02:15:00",18.5,18.5,0,1797,
1769823900,"2026/01/31 02:45:00",18.5,18.5,0,1807,
1769825700,"2026/01/31 03:15:00",18.4,18.5,388,1409,
1769827500,"2026/01/31 03:45:00",18.4,18.5,516,1281,
1769829300,"2026/01/31 04:15:00",18.5,18.5,451,1356,
1769831100,"2026/01/31 04:45:00",18.6,18.5,0,1797,
1769832900,"2026/01/31 05:15:00",18.5,18.5,388,1409,
1769834700,"2026/01/31 05:45:00",18.5,18.5,0,1807,
1769836500,"2026/01/31 06:15:00",18.5,18.5,645,1152,
1769838300,"2026/01/31 06:45:00",18.5,18.5,0,1797,
1769840100,"2026/01/31 07:15:00",18.5,19.3,1194,613,
1769841900,"2026/01/31 07:45:00",19,19.5,1797,0,
1769843700,"2026/01/31 08:15:00",19.8,19.5,431,1377,
1769845500,"2026/01/31 08:45:00",19.9,19.5,0,1796,
1769847300,"2026/01/31 09:15:00",19.8,19.5,0,1797,
1769849100,"2026/01/31 09:45:00",19.6,19.5,0,1808,
1769850900,"2026/01/31 10:15:00",19.5,19.5,311,1485,
1769852700,"2026/01/31 10:45:00",19.4,19.5,441,1356,
1769854500,"2026/01/31 11:15:00",19.5,19.5,441,1356,
1769856300,"2026/01/31 11:45:00",19.5,19.5,354,1453,
1769858100,"2026/01/31 12:15:00",19.5,19.5,0,1797,
1769859900,"2026/01/31 12:45:00",19.5,19.5,581,1216,
1769861700,"2026/01/31 13:15:00",19.6,19.5,0,1807,
1769863500,"2026/01/31 13:45:00",19.5,19.5,517,1280,
1769865300,"2026/01/31 14:15:00",19.5,19.5,0,1797,
1769867100,"2026/01/31 14:45:00",19.5,19.5,646,1161,
1769868900,"2026/01/31 15:15:00",19.5,19.5,387,1410,
1769870700,"2026/01/31 15:45:00",19.6,19.5,0,1797,
1769872500,"2026/01/31 16:15:00",19.6,19.5,0,1807,
1769874300,"2026/01/31 16:45:00",19.5,19.5,473,1324,
1769876100,"2026/01/31 17:15:00",19.4,19.5,377,1420,
1769877900,"2026/01/31 17:45:00",19.4,19.5,441,1356,
1769879700,"2026/01/31 18:15:00",19.5,19.5,193,1614,
1769881500,"2026/01/31 18:45:00",19.5,19.5,0,1797,
1769883300,"2026/01/31 19:15:00",19.5,19.5,580,1217,
1769885100,"2026/01/31 19:45:00",19.5,19.5,0,1807,
1769886900,"2026/01/31 20:15:00",19.5,19.5,580,1217,
1769888700,"2026/01/31 20:45:00",19.5,19.5,398,1399,
1769890500,"2026/01/31 21:15:00",19.5,19.5,388,1419,
1769892300,"2026/01/31 21:45:00",19.5,19.5,0,1797,
1769894100,"2026/01/31 22:15:00",19.5,18.5,0,1764,
1769895900,"2026/01/31 22:45:00",19.3,18.5,0,1797,
1769897700,"2026/01/31 23:15:00",19.1,18.5,0,2399,
1769899500,"2026/01/31 23:45:00",19,18.5,0,1205,
